-- phpMyAdmin SQL Dump
-- version 3.5.3
-- http://www.phpmyadmin.net
--
-- 主机: 10.4.3.233
-- 生成日期: 2013 年 11 月 04 日 14:05
-- 服务器版本: 5.1.69-0ubuntu0.10.04.1
-- PHP 版本: 5.3.2-1ubuntu4.19

SET SQL_MODE="NO_AUTO_VALUE_ON_ZERO";
SET time_zone = "+00:00";


/*!40101 SET @OLD_CHARACTER_SET_CLIENT=@@CHARACTER_SET_CLIENT */;
/*!40101 SET @OLD_CHARACTER_SET_RESULTS=@@CHARACTER_SET_RESULTS */;
/*!40101 SET @OLD_COLLATION_CONNECTION=@@COLLATION_CONNECTION */;
/*!40101 SET NAMES utf8 */;

--
-- 数据库: `d079c75dcb6774864a29fb39f682e0bb0`
--

-- --------------------------------------------------------

--
-- 表的结构 `article`
--

CREATE TABLE IF NOT EXISTS `article` (
  `id` int(11) NOT NULL AUTO_INCREMENT,
  `typeid` int(11) DEFAULT NULL,
  `userid` int(11) DEFAULT NULL,
  `title` varchar(100) COLLATE utf8_unicode_ci DEFAULT NULL,
  `content` varchar(10000) COLLATE utf8_unicode_ci DEFAULT NULL,
  `time` varchar(20) COLLATE utf8_unicode_ci DEFAULT NULL,
  PRIMARY KEY (`id`)
) ENGINE=MyISAM  DEFAULT CHARSET=utf8 COLLATE=utf8_unicode_ci AUTO_INCREMENT=177 ;

--
-- 转存表中的数据 `article`
--

INSERT INTO `article` (`id`, `typeid`, `userid`, `title`, `content`, `time`) VALUES
(1, 200, 9999, '各位排序算法实际测试结果', 'OS: winxp, Compiler: vc8, CPU：Intel T7200,  Memory: 2G<br>\r\n不同数组长度下调用6种排序1000次所需时间(秒）<br>\r\n<br>\r\n<pre style="display:inline">\r\nlength          shell           quick           merge           insert          select          bubble\r\n100             0.0141          0.359           1.875           0.204           0.313           0.421\r\n1000            0.218           0.578           2.204           1.672           2.265           4\r\n5000            1.484           3.25            14.14           41.392          63.656          101.703\r\n10000           3.1             7.8             23.5            253.1           165.6           415.7\r\n50000           21.8            40.6            121.9           411.88          6353.1          11648.5\r\n100000          53.1            89              228.1           16465.7         25381.2         44250\r\n</pre>\r\n<br>\r\n<br>\r\n结论：<br>\r\n数组长度不大的情况下不宜使用归并排序，其它排序差别不大。<br>\r\n数组长度很大的情况下Shell最快，Quick其次，冒泡最慢。<br>', '2013-06-02 02:25'),
(50, 500, 9999, 'java之javaee官方文档', 'http://docs.oracle.com/javaee/6/api/', '2013-04-17 13:15'),
(51, 500, 9999, 'java之javase官方文档', 'http://docs.oracle.com/javase/7/docs/api/index.html', '2013-04-18 02:38'),
(52, 500, 9999, 'jQuery UI Layout Plug-in', 'http://layout.jquery-dev.net/', '2013-04-18 02:53'),
(54, 500, 9999, 'jQuery Form Plugin', 'http://www.malsup.com/jquery/form/', '2013-04-18 02:06'),
(55, 500, 9999, 'jQuery官方文档', 'http://api.jquery.com/', '2013-04-18 02:17'),
(56, 500, 9999, 'jQuery之easyui官方文档', 'http://api.jqueryui.com/', '2013-04-18 02:30'),
(57, 500, 9999, 'Getting Started with Rails', 'http://guides.rubyonrails.org/getting_started.html', '2013-04-18 02:42'),
(58, 500, 9999, 'Getting Started with Cloud Foundry', 'http://docs.cloudfoundry.com/getting-started.html', '2013-04-18 02:52'),
(59, 501, 9999, '改变自己', '改变自己，从接触他人开始。加油！', '2013-04-18 02:58'),
(60, 500, 9999, 'CloudFoudry环境搭建', 'http://docs.cloudfoundry.com/getting-started.html', '2013-04-18 03:07'),
(61, 501, 9999, 'ubuntu 怎么打开一个shell', 'alt键+f2键调出运行程序对话框；\r\n输入gnome-terminal回车调出终端窗口；\r\n输入sudo apt-get install wine回车，等待从源下载安装wine程序，保证可以联网；\r\n建议对于linux命令不熟悉的用户通过“应用程序-ubuntu软件中心”安装应用程序，图形化操作，不需要命令，只要在搜索框里输入wine，然后从结果列表选择安装就行了。', '2013-04-18 03:20'),
(62, 501, 9999, '五八同城', 'iptsl_f1', '2013-04-18 03:31'),
(63, 500, 9999, 'Eclipse 4 RCP - Tutorial', 'http://www.vogella.com/articles/EclipseRCP/article.html', '2013-04-18 03:46'),
(64, 500, 9999, 'ExtJs大比拼jQuery：操作Dom', 'http://www.cnblogs.com/lipan/archive/2011/12/07/2269815.html', '2013-04-18 03:26'),
(65, 501, 9999, 'Acer 64 Win7 驱动', 'http://productbbs.it168.com/thread-34123-1-1.html', '2013-04-18 03:19'),
(66, 501, 9999, 'vim 如何设置不创建备份', 'set nobackup', '2013-04-18 03:11'),
(67, 501, 9999, 'tomcat启动指定项目', '<pre style="display:inline">\r\n&lt;?xml version="1.0" encoding="UTF-8"?&gt;\r\n&lt;Context path="/snow" docBase="F:\\work\\code\\DFext3\\WebRoot" debug="0" privileged="true"&gt;&lt;/Context&gt;\r\n</pre>', '2013-04-18 03:03'),
(68, 501, 9999, 'toggle单引号和多引号', '<pre style="display:inline">\r\n    function hidediv(src, tar){\r\n	document.getElementById(tar).style.display=''none'';//隐藏  \r\n	document.getElementById(src).innerHTML = ''&lt;div style=\\"float: right;\\"&gt;&lt;a href=\\"#\\" onclick=\\"showdiv(\\''''+src+''\\'',\\''''+tar+''\\'')"&gt;展开&lt;/a&gt;&lt;/div&gt;'';\r\n    }\r\n	\r\n    function showdiv(src, tar){\r\n	document.getElementById(tar).style.display=''block'';//显示\r\n	document.getElementById(src).innerHTML = ''&lt;div style=\\"float: right;\\"&gt;&lt;a href=\\"#\\" onclick=\\"hidediv(\\''''+src+''\\'',\\''''+tar+''\\'')\\"&gt;收缩&lt;/a&gt;&lt;/div&gt;'';\r\n    }\r\n</pre>', '2013-04-18 03:42'),
(69, 501, 9999, '项目管理', '对于重要的文件一定要有说明，否则会带来极大的负面效果。（df.css）', '2013-04-18 03:33'),
(70, 500, 9999, 'Eclipse documentation-Eclipse Juno', 'http://help.eclipse.org/juno/index.jsp', '2013-04-18 03:43'),
(71, 501, 9999, 'vim 乱码解决方案', '<pre style="display:inline">\r\n"处理文本中显示乱码\r\nset encoding=utf-8\r\nset fileencodings=utf-8,chinese,latin-1\r\nif has("win32")\r\nset fileencoding=chinese\r\nelse\r\nset fileencoding=utf-8\r\nendif\r\n    \r\n"处理菜单及右键菜单乱码\r\nsource $VIMRUNTIME/delmenu.vim\r\nsource $VIMRUNTIME/menu.vim\r\n    \r\n"处理consle输出乱码\r\nlanguage messages zh_CN.utf-8\r\n</pre>', '2013-04-18 03:56'),
(72, 500, 9999, 'GMF很好的一篇文章', 'http://www.ibm.com/developerworks/cn/opensource/os-cn-eclipse-gmfsamp/', '2013-04-18 03:09'),
(73, 500, 9999, 'GMF 官方文档', 'http://wiki.eclipse.org/Category:GMF', '2013-04-18 03:58'),
(74, 501, 10000, 'test', 'test', '2013-04-18 03:28'),
(76, 500, 10001, '酷盘帐号', 'https://www.kanbox.com/\n用户名：183180534@qq.com\n密码：默认', '2013-04-18 05:13'),
(77, 500, 10001, '金山T盘OR快盘帐号', 'http://www.kuaipan.cn/home.htm\n用户名：183180534@qq.com\n密码：默认', '2013-04-18 05:56'),
(79, 500, 9999, 'java面试基础知识', 'http://blog.csdn.net/zhangerqing/article/details/8731044', '2013-04-18 08:45'),
(80, 500, 10001, '百度帐号--陈展倩', 'http://www.baidu.com/\n用户名：chenyunzhan08@126.com\n密码：默认', '2013-04-19 10:54'),
(81, 600, 9999, '人生的感想之一', '别天天想着结婚了。先管好自己，照顾好自己的父母。', '2013-04-21 08:11'),
(82, 500, 10001, '人人网帐号', 'http://www.renren.com/\n用户名：chenyunzhan08@126.com\n密码：chenyunzhan21', '2013-04-28 05:11'),
(83, 600, 9999, '人生的感想之二', '当使用例子的时候。千万注意。不要把例子和自己的代码弄混了。保证环境的正确性。', '2013-05-11 11:25'),
(84, 501, 9999, '为何效果不是自己期望的', '首先请清除浏览器的缓存。', '2013-05-12 11:13'),
(85, 600, 9999, '关于电子产品屏幕的问题', '给俺发明一个在太阳下看清还省电的手机啊\n', '2013-05-13 01:54'),
(86, 601, 9999, 'QQ号', '1444153967', '2013-05-13 11:52'),
(87, 501, 9999, '当有艰巨的任务分配下来时', '当成一个锻炼的机会。努力去做、努力去干、尽自己最大的努力。', '2013-05-16 10:56'),
(88, 600, 9999, '吴月的生日', '7月12', '2013-05-17 09:34'),
(89, 500, 9999, '基于 GMF 的流程分析工具的设计与实现', 'http://tech.ddvip.com/2009-12/1261060007141474.html', '2013-05-24 03:40'),
(90, 600, 9999, '一本好书的名字', '《瓦尔登湖》', '2013-05-25 10:30'),
(91, 600, 9999, 'root,想说点什么', '你没设置登录吗?', '2013-05-29 07:33'),
(92, 600, 10004, 'a', '就是做个试验，呵呵！', '2013-05-29 08:21'),
(93, 600, 10004, 'a', '就是做个试验，呵呵！', '2013-05-29 08:28'),
(94, 100, 9999, 'YTC插件xmlSource路径', 'F:\\work\\code\\generatecode\\QbGenerateCode-YTC1.4-ucloud\\xmlSource', '2013-06-02 02:38'),
(95, 100, 9999, 'YTC插件主要配置文件路径', 'C:\\Users\\Cloud\\AppData\\Local\\Temp\\ranminXmlGenerateCode\\jdbc_mysql___localhost_cucloud_jdbcCompliantTruncation_false\\root', '2013-06-02 02:45'),
(96, 600, 9999, '王森', '4月25日', '2013-06-02 13:49'),
(97, 500, 9999, '数据结构与算法', 'http://www.bianceng.cn/Programming/sjjg/index1.htm', '2013-06-05 07:43'),
(98, 601, 9999, '一位女孩儿的电话', '15091854602 ', '2013-06-07 13:04'),
(99, 600, 9999, '卜伶俐的生日', '6月20日', '2013-06-24 13:48'),
(101, 700, 9999, '绿色之家系列学习视频之环境的搭建', '环境的搭建<a href="play.jsp">001_green_home<a>', '2013-08-11 17:09'),
(118, 500, 9999, 'Ubuntu 12.04常用的快捷键', 'http://www.2cto.com/os/201210/159344.html', '2013-07-14 19:01'),
(103, 200, 10005, 'ccc', '啊啊啊啊啊啊啊啊啊啊啊啊啊才 ', '2013-07-02 17:19'),
(104, 601, 9999, '第二季度房租', '山山山mmm', '2013-07-03 13:36'),
(105, 601, 9999, 'r', 'r', '2013-07-03 13:36'),
(106, 500, 9999, 'Grails官方帮助文档', 'http://grails.org/doc/latest/guide/single.html', '2013-07-05 19:57'),
(107, 300, 9999, 'HTML 教程', 'http://w3school.com.cn/html/index.asp', '2013-07-06 09:58'),
(108, 900, 9999, 'W3school HTML 系列教程', 'http://www.w3school.com.cn/h.asp', '2013-07-06 10:23'),
(109, 601, 9999, 'http://www.microsoft.com/zh-cn/download/confirmation.aspx?id=8328', 'http://www.microsoft.com/zh-cn/download/confirmation.aspx?id=8328', '2013-07-06 13:29'),
(110, 500, 10001, 'Oracle官网帐号', 'http://www.oracle.com/index.html用户名：chenyunzhan08@126.com密码：SSSSnow21', '2013-07-09 16:47'),
(111, 100, 10020, '找美工', '找漂亮的美工了', '2013-07-10 20:45'),
(112, 601, 9999, '10.254.1.6/por/login_psw.csp?', '10.254.1.6/por/login_psw.csp?', '2013-07-11 16:18'),
(113, 500, 9999, 'javase', 'http://dl.vmall.com/c0jxxab6mc', '2013-07-12 10:09'),
(114, 500, 9999, 'ODI官方帮助文档', 'http://docs.oracle.com/cd/E23943_01/integrate.1111/e12641/quality.htm', '2013-07-12 16:15'),
(115, 500, 9999, 'RCU安装文档', 'http://docs.oracle.com/cd/E23943_01/doc.1111/e14259/rcu_screens.htm#RCUUG143', '2013-07-12 23:32'),
(116, 500, 9999, 'ODI官方安装文档', 'http://docs.oracle.com/cd/E23943_01/core.1111/e16453/installscrns.htm#CIHGAFGC', '2013-07-12 23:19'),
(117, 500, 9999, 'ODI安装mysql的准备文档', 'http://docs.oracle.com/html/E18558_01/fusion_requirements.htm#BABFFEGH', '2013-07-13 08:41'),
(119, 100, 9999, 'odi视频', 'https://s3.amazonaws.com/Ora/ODIGroupBy.swf', '2013-07-15 19:13'),
(120, 500, 9999, '谷歌引擎', 'https://appengine.google.com/', '2013-07-17 09:53'),
(123, 100, 9999, '联通PaaS平台', 'https://10.254.1.6/por/login_psw.csp?', '2013-07-23 15:56'),
(124, 100, 9999, '动态表单SVN地址', 'http://124.207.205.87/dynamicform/', '2013-07-23 15:48'),
(125, 100, 9999, '润前报表资料地址', 'http://10.249.5.8:8080/TestRunqian/reportJsp/file.jsp?sid=enRleg==', '2013-07-23 15:24'),
(126, 100, 9999, '外网访问联通', ' \n https:/ c.unicom.local\nTan(1060495715) 16:11:08 \n访问方式：\n\nIT承载网访问：https://10.254.1.6（IP地址方式） https:noc.unicom.local（域名方式，需配置联通内网DNS）\n\n周栗臣(50939710) 16:22:06 \n132.35.99.110  www.itsmacct-uac.unicom.local\n132.35.99.104  www.itsmacct-fort1.unicom.local\n132.35.99.108  www.itsmacct-fort2.unicom.local\n132.35.99.104  www.itsmacct-uap.unicom.local\n132.35.99.101  www.itsmacct-iap.unicom.local\n\n周栗臣(50939710) 16:23:23 \nC:\\Windows\\System32\\drivers\\etc\n周栗臣(50939710) 16:23:30 \nhosts文件\n', '2013-07-26 18:59'),
(127, 100, 9999, '用友润乾上传地址', 'http://10.249.5.8:8080/TestRunqian/reportJsp/file.jsp?sid=eW9ueW91', '2013-08-05 11:54'),
(128, 100, 9999, 'bug管理系统', 'http://redmine.econlive.com', '2013-08-05 18:28'),
(130, 100, 9999, '海淘网站', 'http://www.800egou.com/tag/macbook-pro/', '2013-08-12 16:27'),
(132, 501, 9999, 'Android Studio使用github', 'http://www.cnblogs.com/linxiaojiang/archive/2013/05/19/3087759.html', '2013-08-19 16:14'),
(133, 100, 9999, '用友润乾集成测试上传地址', 'http://10.249.6.112:8080/runqian/reportJsp/file.jsp?sid=eW9ueW91', '2013-08-20 16:32'),
(134, 100, 9999, 'Android安装Github版本控制环境', 'http://www.cnblogs.com/linxiaojiang/archive/2013/05/19/3087759.html', '2013-08-21 09:32'),
(135, 100, 9999, 'RedmineBug管理系统地址', 'http://redmine.econlive.com/', '2013-08-21 14:19'),
(136, 100, 9999, '集成测试环境地址', 'http://intucloud.unicom.local/workbench/\n', '2013-08-21 14:43'),
(137, 100, 9999, 'UAT润乾上传环境地址', 'http://10.249.5.145:8080/runqian/reportJsp/file.jsp?sid=eW9ueW91', '2013-08-27 16:49'),
(138, 100, 9999, 'UAT', 'http://10.249.6.65:8080/runqian/reportJsp/file.jsp?sid=eW9ueW91', '2013-08-27 16:17'),
(139, 100, 9999, '开发与UAT测试环境', 'http://sit5.portal.unicom.local:89/', '2013-08-29 10:50'),
(153, 100, 10000, 'å', 'å', '2013-09-03 10:05'),
(152, 100, 10000, 'ç', 'ç', '2013-09-03 10:44'),
(151, 100, 10000, 'ÊÇ', 'ÉÏ', '2013-09-03 10:51'),
(150, 100, 10000, 'ffff', 'fffff', '2013-09-03 10:16'),
(149, 100, 10000, 'kkk', 'kkk', '2013-09-03 10:40'),
(154, 100, 10000, 'sd在', '在', '2013-09-03 11:50'),
(155, 100, 10000, '¸öÔÂÈç½ñÄãÒª', '¶î¶ÈÈÕ', '2013-09-04 07:16'),
(156, 100, 10000, 'xgè¿äº', 'åä½ çæ', '2013-09-04 08:38'),
(157, 100, 10000, '123', '123', '2013-09-04 19:16'),
(158, 100, 10000, '²âÊÔÒ»ÏÂ', '²âÊÔÁ½ÏÂ', '2013-09-04 19:28'),
(159, 100, 10000, '²âÉíÌå', '²âÊÔ', '2013-09-04 19:36'),
(160, 100, 10000, '²âÊÔ±àÂë', '²âÊÔ±àÂë', '2013-09-04 19:30'),
(161, 100, 10000, '²âÉíÌå', '²âÊÔ', '2013-09-04 19:29'),
(162, 100, 10000, '²âÊÔ', '²âÉíÌå', '2013-09-04 20:22'),
(163, 100, 10000, '²âÊÔ', '²âÊÔ', '2013-09-04 20:03'),
(164, 100, 10000, 'æµè¯', 'æµè¯', '2013-09-04 20:06'),
(165, 100, 10000, 'ä¸', 'ç', '2013-09-09 16:13'),
(166, 500, 9999, 'Running Hadoop on Ubuntu Linux (Single-Node Cluster)', 'http://www.michael-noll.com/tutorials/running-hadoop-on-ubuntu-linux-single-node-cluster/', '2013-09-13 11:23'),
(167, 600, 9999, '手机', 'http://item.jd.com/907111.html#none', '2013-09-16 17:03'),
(168, 100, 10000, '02982721899  ', '02982721899  ', '2013-09-23 23:24'),
(169, 500, 9999, 'kettle4.1源码研究', 'http://blog.csdn.net/qq250941970/article/details/7695897', '2013-10-09 13:47'),
(170, 100, 9999, '用友借书', 'http://124.207.205.87/doc/platform/learn/公司借书记录.xlsx\n', '2013-10-11 16:49'),
(171, 100, 9999, '资产raq润乾下载地址', 'http://124.207.205.87/ncuams/dev/EAM/UCloud_AAR/WebRoot/ucloud/aar/raq/', '2013-10-21 10:59'),
(172, 601, 9999, '', '', '2013-10-22 12:28'),
(173, 100, 9999, '报表开发环境地址', 'http://devucloud.unicom.local/workbench/?UCLOUDAPPIDBM_BE60DA013F034CC2B7556096F74511B9', '2013-10-23 10:41'),
(174, 600, 9999, '常总的建议', '1，要细心。\n2，多学习业务。', '2013-11-01 12:51'),
(175, 601, 9999, 'http://www.apesk.com/16pf/', 'http://www.apesk.com/16pf/', '2013-11-01 22:35'),
(176, 601, 9999, 'http://ec2-54-200-246-128.us-west-2.compute.amazonaws.com:8080/vote/', 'http://ec2-54-200-246-128.us-west-2.compute.amazonaws.com:8080/vote/', '2013-11-03 19:26');

-- --------------------------------------------------------

--
-- 表的结构 `comment`
--

CREATE TABLE IF NOT EXISTS `comment` (
  `id` int(11) NOT NULL AUTO_INCREMENT,
  `content` varchar(255) DEFAULT NULL,
  `topicid` int(11) DEFAULT NULL,
  PRIMARY KEY (`id`)
) ENGINE=InnoDB  DEFAULT CHARSET=utf8 AUTO_INCREMENT=53 ;

--
-- 转存表中的数据 `comment`
--

INSERT INTO `comment` (`id`, `content`, `topicid`) VALUES
(1, 'test', 1),
(2, '又来了个小师妹了~', 1),
(3, '哪里啊', 1),
(4, '10.249.5.35 8066   hpSID   adminHP\r\n', 1),
(5, 'EAM_SOF_SID', 1),
(6, 'EAM_AAR_ADB\r\n 10.249.9.12\r\n 3311\r\n 用户名：eam_aar_adb；密码：eam_aar_adb\r\n', 1),
(7, 'dwad', 5),
(8, 'dawd', 5),
(9, '123', 1),
(10, 'f', 7),
(11, 'f', 7),
(12, '蠢货', 8),
(13, 'SHOW FULL PROCESSLIST;\r\n\r\nKILL 215', 1),
(14, 'http://www.docin.com/p-453635444.html', 1),
(15, 'http://www.ibeifeng.com/demo2.php?id=532&dw=1027&dh=794', 1),
(16, 'http://www.cnblogs.com/wukenaihe/tag/kettle/', 1),
(17, 'http://wenku.it168.com/d_000597913.shtml', 1),
(18, 'http://www.doc88.com/p-49520660547.html', 1),
(19, 'http://ruiqun566-163-com.iteye.com/blog/604176', 1),
(20, '开发验证', 1),
(21, '', 11),
(22, '', 2),
(23, '', 2),
(24, '', 2),
(25, 'if(@MANAGEMENT_LINE=="", null, @MANAGEMENT_LINE=="-1", null, @MANAGEMENT_LINE=="null",null,@MANAGEMENT_LINE) ', 13),
(26, 'if(@CITY_COMPANY=="", null, @CITY_COMPANY=="-1", null, @CITY_COMPANY=="null",null,@CITY_COMPANY)', 13),
(27, 'if(@CITY_COMPANY=="", null, @CITY_COMPANY=="null",null,"1") ', 13),
(28, 'MANAGEMENT_LINE_ENUM_ID', 13),
(29, '归口管理专业线', 13),
(30, '(tec.CITY_COMPANY in(?) or ? is null) ', 13),
(31, '(t_eam_asset_app_area_collect.DEPARTMENT_USE in (?)\r\n	OR ? IS NULL)', 13),
(32, 'if(@DEPARTMENT_USE=="", null, @DEPARTMENT_USE=="-1", null, @DEPARTMENT_USE=="null",null,@DEPARTMENT_USE)', 13),
(33, 'if(@DEPARTMENT_USE=="", null, @DEPARTMENT_USE=="null",null,"1")', 13),
(34, 'if(@ASSET_STATUS_ENUM_ID=="", null, @ASSET_STATUS_ENUM_ID=="-1", null, @ASSET_STATUS_ENUM_ID=="null",null,@ASSET_STATUS_ENUM_ID)', 13),
(35, 'if(@ASSET_STATUS_ENUM_ID=="", null, @ASSET_STATUS_ENUM_ID=="null",null,"1")', 13),
(36, 't_eam_fa_asset_orv_ch_doy_red_in', 1),
(37, 'CONCAT(''${REPORT_DATE}'',''-01'') as REPORT_STATISTICS_DATE,', 2),
(38, 'AND tead.FISCAL_PERIOD=''${REPORT_DATE}''', 2),
(39, 'AND tea.FA_ASSET_FLAG=0', 2),
(40, 'AND tead.DELETED_FLAG = 0', 2),
(41, 'AND tead.DELETED_FLAG = 0\r\nAND tead.FISCAL_PERIOD=''${REPORT_DATE}''\r\nAND tea.FA_ASSET_FLAG=0', 2),
(42, '<pre>\r\nAND tead.DELETED_FLAG = 0\r\nAND tead.FISCAL_PERIOD=''${REPORT_DATE}''\r\nAND tea.FA_ASSET_FLAG=0\r\n</pre>', 2),
(43, 'http://blog.csdn.net/qq250941970/article/details/7695897', 1),
(44, 'if(@DEPARTMENT_USE=="", null, @DEPARTMENT_USE==null, null, @DEPARTMENT_USE=="null",null,"1")', 13),
(45, 'if(@CITY_COMPANY=="", null, @CITY_COMPANY==null, null, @CITY_COMPANY=="null",null,"1")', 13),
(46, '', 9),
(47, '', 9),
(48, '', 9),
(49, 'if(@MANAGEMENT_LINE=="", null, @MANAGEMENT_LINE=="-1", null, @MANAGEMENT_LINE=="null",null,@MANAGEMENT_LINE==null,null,@MANAGEMENT_LINE) ', 13),
(50, 'if(@ASSET_STATUS_ENUM_ID=="", null, @ASSET_STATUS_ENUM_ID=="null",null,@ASSET_STATUS_ENUM_ID==null,null"1")', 13),
(51, '<red>if(@ASSET_STATUS_ENUM_ID=="", null, @ASSET_STATUS_ENUM_ID=="null",null,@ASSET_STATUS_ENUM_ID==null,null,"1")</red>', 13),
(52, '''${REPORT_DATE}''', 2);

-- --------------------------------------------------------

--
-- 表的结构 `snow`
--

CREATE TABLE IF NOT EXISTS `snow` (
  `id` int(11) NOT NULL DEFAULT '0',
  `name` varchar(255) COLLATE utf8_unicode_ci DEFAULT NULL,
  PRIMARY KEY (`id`)
) ENGINE=MyISAM DEFAULT CHARSET=utf8 COLLATE=utf8_unicode_ci;

--
-- 转存表中的数据 `snow`
--

INSERT INTO `snow` (`id`, `name`) VALUES
(1, '1'),
(2, '2'),
(3, '3');

-- --------------------------------------------------------

--
-- 表的结构 `test`
--

CREATE TABLE IF NOT EXISTS `test` (
  `id` int(11) NOT NULL,
  `name` int(11) NOT NULL,
  PRIMARY KEY (`id`)
) ENGINE=MyISAM DEFAULT CHARSET=utf8;

--
-- 转存表中的数据 `test`
--

INSERT INTO `test` (`id`, `name`) VALUES
(1, 89),
(2, 999);

-- --------------------------------------------------------

--
-- 表的结构 `topic`
--

CREATE TABLE IF NOT EXISTS `topic` (
  `id` int(11) NOT NULL AUTO_INCREMENT,
  `title` varchar(255) DEFAULT NULL,
  `content` varchar(255) DEFAULT NULL,
  `typeid` int(11) DEFAULT NULL,
  PRIMARY KEY (`id`)
) ENGINE=InnoDB  DEFAULT CHARSET=utf8 AUTO_INCREMENT=15 ;

--
-- 转存表中的数据 `topic`
--

INSERT INTO `topic` (`id`, `title`, `content`, `typeid`) VALUES
(1, 'test', 'test', 1),
(2, '源mysql', '数据库类型：Mysql\r\n数据库名称：hdm0740006_db\r\n用户名： hdm0740006\r\n密码：xdm19861221\r\n数据库地址：\r\nhdm-074.hichina.com', 1),
(3, 's', 'jdbc:mysql://10.249.5.35:8066/EAM_SOF_SID\r\n', 1),
(4, 'zhanghao', 'yyouSID/adminYYOU\r\n', 1),
(5, '111', 'dawd', 1),
(6, 'SB', 'S ', 1),
(7, 'ss', 's', 1),
(8, '陈云展', '二货！！', 1),
(9, 'sdffffffffffffffffffffffffffff', 'n', 1),
(10, '', '', 1),
(11, '内容ills测试', '<script>\r\nalert("好了吧，不行不？");\r\n</script>', 1),
(12, '', '', 1),
(13, '报表添加多选功能', '多选', 1),
(14, '最近工作比较轻松，可以完成此需求。如果可以。请给我发消息。全天在线。', '最近工作比较轻松，可以完成此需求。如果可以。请给我发消息。全天在线。', 1);

-- --------------------------------------------------------

--
-- 表的结构 `type`
--

CREATE TABLE IF NOT EXISTS `type` (
  `id` int(11) NOT NULL DEFAULT '0',
  `name` varchar(20) DEFAULT NULL,
  `pid` int(11) DEFAULT NULL,
  PRIMARY KEY (`id`)
) ENGINE=InnoDB DEFAULT CHARSET=utf8;

--
-- 转存表中的数据 `type`
--

INSERT INTO `type` (`id`, `name`, `pid`) VALUES
(1, 'jQuery', 0),
(2, 'Arithmetic', 0),
(3, 'Contact me', 0),
(4, 'Ruby', 0),
(5, 'Website', 0),
(6, 'idea', 0),
(7, 'GreenHome', 0),
(8, 'Groovy&Grails', 0),
(9, 'html', 0),
(100, '常用文件路径', 1),
(200, '常见排序算法效率比较', 2),
(300, '留言板', 3),
(500, '常用文档链接', 5),
(501, '问题解决链接', 5),
(600, '生活感想', 6),
(601, 'test', 6),
(700, '绿色之家环境搭建', 7),
(800, 'Grails框架初识', 8),
(900, '初始html', 9);

-- --------------------------------------------------------

--
-- 表的结构 `user`
--

CREATE TABLE IF NOT EXISTS `user` (
  `id` int(11) NOT NULL AUTO_INCREMENT,
  `name` varchar(255) DEFAULT NULL,
  `password` varchar(255) DEFAULT NULL,
  `sex` varchar(255) DEFAULT NULL,
  `email` varchar(255) DEFAULT NULL,
  `time` varchar(255) DEFAULT NULL,
  PRIMARY KEY (`id`)
) ENGINE=InnoDB  DEFAULT CHARSET=utf8 AUTO_INCREMENT=10026 ;

--
-- 转存表中的数据 `user`
--

INSERT INTO `user` (`id`, `name`, `password`, `sex`, `email`, `time`) VALUES
(9999, 'admin', 'admin', '男', 'chenyunzhan08@126.com', NULL),
(10000, 'test', 'test', '1', 'test', 'Thu Apr 18 03:41:57 UTC 2013'),
(10001, 'snow', '0987654321a', '1', 'chenyunzhan08@126.com', 'Thu Apr 18 05:36:44 UTC 2013'),
(10002, '吴月', '1', '0', '1', 'Wed May 22 07:28:25 UTC 2013'),
(10003, '吴月', '1234567890...', '0', '447191749@qq.com', 'Wed May 22 07:34:44 UTC 2013'),
(10004, 'renalian', 'woshirenhuilian', '0', 'ren_hui_lian@163.com', 'Wed May 29 07:57:04 UTC 2013'),
(10005, 'chenyz', 'chenyz', '1', 'chenyz@chinamobile.com', 'Tue Jul 02 17:26:34 CST 2013'),
(10018, 'kara', 'kara11', '1', 'kara2ne@163.com', 'Tue Jul 09 17:06:28 CST 2013'),
(10019, 'Chemistry', '22753zz16', '1', '827642001@qq.com', 'Tue Jul 09 17:17:20 CST 2013'),
(10020, 'weili', '123', '1', '', 'Wed Jul 10 20:44:36 CST 2013'),
(10021, '道小强', 'daozhipeng', '1', '', 'Sun Jul 28 09:47:50 CST 2013'),
(10022, 'yc0052', 'yangchen1991', '1', '519147194@QQ.com', 'Sun Aug 11 20:50:44 CST 2013'),
(10023, 'leogen', '111111', '1', 'leogen@126.com', 'Tue Aug 13 23:09:53 CST 2013'),
(10025, 'aa', 'aa', '1', '', 'Fri Sep 13 22:17:49 CST 2013');

-- --------------------------------------------------------

--
-- 表的结构 `visitor`
--

CREATE TABLE IF NOT EXISTS `visitor` (
  `id` int(11) NOT NULL AUTO_INCREMENT,
  `ip` varchar(15) COLLATE utf8_unicode_ci DEFAULT NULL,
  `user` varchar(10) COLLATE utf8_unicode_ci DEFAULT NULL,
  `port` int(5) DEFAULT NULL,
  `host` varchar(15) COLLATE utf8_unicode_ci DEFAULT NULL,
  `time` varchar(20) COLLATE utf8_unicode_ci DEFAULT NULL,
  PRIMARY KEY (`id`)
) ENGINE=MyISAM  DEFAULT CHARSET=utf8 COLLATE=utf8_unicode_ci AUTO_INCREMENT=1598 ;

--
-- 转存表中的数据 `visitor`
--

INSERT INTO `visitor` (`id`, `ip`, `user`, `port`, `host`, `time`) VALUES
(1, '1', '1', 1, '1', '1'),
(2, '1', '1', 1, '1', '1'),
(3, '172.30.49.34', NULL, 3113, '172.30.49.34', '2013-01-22 07:07'),
(4, '172.30.49.30', NULL, 5859, '172.30.49.30', '2013-01-22 07:27'),
(5, '172.30.49.33', NULL, 3484, '172.30.49.33', '2013-01-22 07:39'),
(6, '172.30.49.24', NULL, 6807, '172.30.49.24', '2013-01-22 07:58'),
(7, '172.30.49.24', NULL, 7529, '172.30.49.24', '2013-01-22 07:46'),
(8, '172.30.49.36', NULL, 23518, '172.30.49.36', '2013-01-22 07:00'),
(9, '172.30.49.38', NULL, 40601, '172.30.49.38', '2013-01-22 07:59'),
(10, '172.30.49.39', NULL, 53406, '172.30.49.39', '2013-01-22 07:35'),
(11, '172.30.49.31', NULL, 11690, '172.30.49.31', '2013-01-22 07:16'),
(12, '172.30.49.28', NULL, 28265, '172.30.49.28', '2013-01-22 07:25'),
(13, '172.30.49.31', NULL, 12012, '172.30.49.31', '2013-01-22 07:09'),
(14, '172.30.49.33', NULL, 12529, '172.30.49.33', '2013-01-22 07:52'),
(15, '172.30.49.34', NULL, 23259, '172.30.49.34', '2013-01-22 07:55'),
(16, '172.30.49.24', NULL, 12588, '172.30.49.24', '2013-01-22 07:57'),
(17, '172.30.49.28', NULL, 28841, '172.30.49.28', '2013-01-22 07:59'),
(18, '172.30.49.34', NULL, 23290, '172.30.49.34', '2013-01-22 07:00'),
(19, '172.30.49.38', NULL, 44758, '172.30.49.38', '2013-01-22 07:02'),
(20, '172.30.49.34', NULL, 25815, '172.30.49.34', '2013-01-22 07:17'),
(21, '172.30.49.35', NULL, 52876, '172.30.49.35', '2013-01-22 07:04'),
(22, '172.30.49.33', NULL, 7626, '172.30.49.33', '2013-01-22 13:54'),
(23, '172.30.49.29', NULL, 49339, '172.30.49.29', '2013-01-22 14:41'),
(24, '172.30.49.38', NULL, 44935, '172.30.49.38', '2013-01-22 14:00'),
(25, '172.30.49.24', NULL, 41996, '172.30.49.24', '2013-01-23 02:44'),
(26, '172.30.49.31', NULL, 48952, '172.30.49.31', '2013-01-23 02:36'),
(27, '172.30.49.39', NULL, 20480, '172.30.49.39', '2013-01-23 12:14'),
(28, '172.30.49.28', NULL, 14962, '172.30.49.28', '2013-01-23 13:01'),
(29, '172.30.49.29', NULL, 58219, '172.30.49.29', '2013-01-23 13:54'),
(30, '172.30.49.39', NULL, 36779, '172.30.49.39', '2013-01-23 14:47'),
(31, '172.30.49.28', NULL, 61682, '172.30.49.28', '2013-01-23 14:07'),
(32, '172.30.49.31', NULL, 7941, '172.30.49.31', '2013-01-23 14:27'),
(33, '172.30.49.21', NULL, 59065, '172.30.49.21', '2013-01-23 14:06'),
(34, '172.30.49.21', NULL, 59236, '172.30.49.21', '2013-01-23 14:25'),
(35, '172.30.49.31', NULL, 17122, '172.30.49.31', '2013-01-23 14:34'),
(36, '172.30.49.34', NULL, 16798, '172.30.49.34', '2013-01-23 15:44'),
(37, '172.30.49.38', NULL, 43746, '172.30.49.38', '2013-01-23 15:20'),
(38, '172.30.49.35', NULL, 7639, '172.30.49.35', '2013-01-23 15:43'),
(39, '172.30.49.37', NULL, 29487, '172.30.49.37', '2013-01-23 15:53'),
(40, '172.30.49.25', NULL, 48460, '172.30.49.25', '2013-01-23 15:26'),
(41, '172.30.49.30', NULL, 33258, '172.30.49.30', '2013-01-23 20:08'),
(42, '172.30.49.24', NULL, 10745, '172.30.49.24', '2013-01-24 01:55'),
(43, '172.30.49.31', NULL, 59758, '172.30.49.31', '2013-01-24 02:05'),
(44, '172.30.49.24', NULL, 44254, '172.30.49.24', '2013-01-24 06:17'),
(45, '172.30.49.29', NULL, 29914, '172.30.49.29', '2013-01-24 06:18'),
(46, '172.30.49.33', NULL, 24482, '172.30.49.33', '2013-01-24 06:19'),
(47, '172.30.49.39', NULL, 27354, '172.30.49.39', '2013-01-24 06:33'),
(48, '172.30.49.31', NULL, 53300, '172.30.49.31', '2013-01-24 07:32'),
(49, '172.30.49.24', NULL, 6537, '172.30.49.24', '2013-01-24 12:03'),
(50, '172.30.49.39', NULL, 54487, '172.30.49.39', '2013-01-24 12:39'),
(51, '172.30.49.24', NULL, 56314, '172.30.49.24', '2013-01-25 01:21'),
(52, '172.30.49.39', NULL, 17392, '172.30.49.39', '2013-01-26 07:27'),
(53, '172.30.49.30', NULL, 44809, '172.30.49.30', '2013-01-27 06:44'),
(54, '172.30.49.38', NULL, 31416, '172.30.49.38', '2013-01-27 07:36'),
(55, '172.30.49.35', NULL, 42559, '172.30.49.35', '2013-02-05 03:47'),
(56, '172.30.49.38', NULL, 28729, '172.30.49.38', '2013-02-05 07:12'),
(57, '172.30.49.35', NULL, 62297, '172.30.49.35', '2013-02-05 19:17'),
(58, '172.30.49.32', NULL, 64555, '172.30.49.32', '2013-02-05 21:12'),
(59, '172.30.49.24', NULL, 9051, '172.30.49.24', '2013-02-06 03:19'),
(60, '172.30.49.38', NULL, 5066, '172.30.49.38', '2013-02-06 03:40'),
(61, '172.30.49.21', NULL, 26191, '172.30.49.21', '2013-02-06 10:53'),
(62, '172.30.49.24', NULL, 23814, '172.30.49.24', '2013-02-07 01:16'),
(63, '172.30.49.33', NULL, 48826, '172.30.49.33', '2013-02-09 12:45'),
(64, '172.30.49.21', NULL, 12308, '172.30.49.21', '2013-02-12 11:51'),
(65, '172.30.49.37', NULL, 40571, '172.30.49.37', '2013-02-13 02:50'),
(66, '172.30.49.39', NULL, 26858, '172.30.49.39', '2013-02-13 22:05'),
(67, '172.30.49.31', NULL, 3573, '172.30.49.31', '2013-02-13 22:50'),
(68, '172.30.49.21', NULL, 59464, '172.30.49.21', '2013-02-14 21:08'),
(69, '172.30.49.25', NULL, 57473, '172.30.49.25', '2013-02-14 22:54'),
(70, '172.30.49.35', NULL, 13413, '172.30.49.35', '2013-02-15 10:02'),
(71, '172.30.49.28', NULL, 18929, '172.30.49.28', '2013-02-15 18:35'),
(72, '172.30.49.37', NULL, 3815, '172.30.49.37', '2013-02-15 18:35'),
(73, '172.30.49.32', NULL, 30361, '172.30.49.32', '2013-02-16 01:01'),
(74, '172.30.49.33', NULL, 19878, '172.30.49.33', '2013-02-16 12:38'),
(75, '172.30.49.34', NULL, 19473, '172.30.49.34', '2013-02-17 23:03'),
(76, '172.30.49.31', NULL, 23304, '172.30.49.31', '2013-02-19 21:47'),
(77, '172.30.49.37', NULL, 11926, '172.30.49.37', '2013-02-21 05:35'),
(78, '172.30.49.29', NULL, 10583, '172.30.49.29', '2013-02-21 05:49'),
(79, '172.30.49.21', NULL, 33457, '172.30.49.21', '2013-02-21 20:09'),
(80, '172.30.49.30', NULL, 48169, '172.30.49.30', '2013-02-22 00:19'),
(81, '172.30.49.29', NULL, 49898, '172.30.49.29', '2013-02-22 03:17'),
(82, '172.30.49.29', NULL, 30309, '172.30.49.29', '2013-02-22 03:49'),
(83, '172.30.49.27', NULL, 17508, '172.30.49.27', '2013-02-22 04:15'),
(84, '172.30.49.32', NULL, 18055, '172.30.49.32', '2013-02-22 09:25'),
(85, '172.30.49.27', NULL, 21966, '172.30.49.27', '2013-02-22 17:57'),
(86, '172.30.49.28', NULL, 25666, '172.30.49.28', '2013-02-22 23:55'),
(87, '172.30.49.27', NULL, 51921, '172.30.49.27', '2013-02-23 05:25'),
(88, '172.30.49.30', NULL, 36332, '172.30.49.30', '2013-02-23 17:22'),
(89, '172.30.49.27', NULL, 13105, '172.30.49.27', '2013-02-23 20:30'),
(90, '172.30.49.30', NULL, 15213, '172.30.49.30', '2013-02-24 00:44'),
(91, '172.30.49.29', NULL, 61295, '172.30.49.29', '2013-02-24 05:26'),
(92, '172.30.49.30', NULL, 39957, '172.30.49.30', '2013-02-24 17:25'),
(93, '172.30.49.29', NULL, 30964, '172.30.49.29', '2013-02-25 05:55'),
(94, '172.30.49.30', NULL, 30527, '172.30.49.30', '2013-02-25 12:57'),
(95, '172.30.49.29', NULL, 60342, '172.30.49.29', '2013-02-25 22:25'),
(96, '172.30.49.29', NULL, 55221, '172.30.49.29', '2013-02-26 03:25'),
(97, '172.30.49.27', NULL, 3119, '172.30.49.27', '2013-02-26 17:07'),
(98, '172.30.49.28', NULL, 45907, '172.30.49.28', '2013-02-27 00:59'),
(99, '172.30.49.32', NULL, 6121, '172.30.49.32', '2013-02-27 00:52'),
(100, '172.30.49.32', NULL, 6122, '172.30.49.32', '2013-02-27 00:52'),
(101, '172.30.49.30', NULL, 14427, '172.30.49.30', '2013-02-27 01:51'),
(102, '172.30.49.28', NULL, 45107, '172.30.49.28', '2013-02-27 05:52'),
(103, '172.30.49.32', NULL, 25232, '172.30.49.32', '2013-02-27 06:30'),
(104, '172.30.49.28', NULL, 26462, '172.30.49.28', '2013-02-27 07:23'),
(105, '172.30.49.30', NULL, 8239, '172.30.49.30', '2013-02-27 18:28'),
(106, '172.30.49.32', NULL, 3163, '172.30.49.32', '2013-02-27 20:24'),
(107, '172.30.49.30', NULL, 42934, '172.30.49.30', '2013-02-28 07:22'),
(108, '172.30.49.32', NULL, 4263, '172.30.49.32', '2013-02-28 20:52'),
(109, '172.30.49.29', NULL, 23445, '172.30.49.29', '2013-02-28 23:37'),
(110, '172.30.49.27', NULL, 48032, '172.30.49.27', '2013-03-01 07:52'),
(111, '172.30.49.32', NULL, 62216, '172.30.49.32', '2013-03-02 02:47'),
(112, '172.30.49.30', NULL, 25100, '172.30.49.30', '2013-03-02 04:35'),
(113, '172.30.49.28', NULL, 56580, '172.30.49.28', '2013-03-02 08:08'),
(114, '172.30.49.30', NULL, 33339, '172.30.49.30', '2013-03-02 10:28'),
(115, '172.30.49.30', NULL, 18617, '172.30.49.30', '2013-03-02 20:55'),
(116, '172.30.49.28', NULL, 33194, '172.30.49.28', '2013-03-02 23:21'),
(117, '172.30.49.27', NULL, 14003, '172.30.49.27', '2013-03-03 06:05'),
(118, '172.30.49.28', NULL, 26993, '172.30.49.28', '2013-03-03 07:50'),
(119, '172.30.49.30', NULL, 12744, '172.30.49.30', '2013-03-03 14:17'),
(120, '172.30.49.27', NULL, 39869, '172.30.49.27', '2013-03-04 08:17'),
(121, '172.30.49.30', NULL, 18341, '172.30.49.30', '2013-03-04 11:36'),
(122, '172.30.49.29', NULL, 26864, '172.30.49.29', '2013-03-04 11:12'),
(123, '172.30.49.29', NULL, 9609, '172.30.49.29', '2013-03-04 14:42'),
(124, '172.30.49.32', NULL, 61310, '172.30.49.32', '2013-03-04 15:08'),
(125, '172.30.49.28', NULL, 25721, '172.30.49.28', '2013-03-05 05:19'),
(126, '172.30.49.30', NULL, 45626, '172.30.49.30', '2013-03-05 07:36'),
(127, '172.30.49.29', NULL, 37706, '172.30.49.29', '2013-03-07 02:10'),
(128, '172.30.49.27', NULL, 25637, '172.30.49.27', '2013-03-10 23:43'),
(129, '172.30.49.29', NULL, 53978, '172.30.49.29', '2013-03-13 03:09'),
(130, '172.30.49.29', NULL, 50705, '172.30.49.29', '2013-03-14 18:12'),
(131, '172.30.49.28', NULL, 19453, '172.30.49.28', '2013-03-15 07:45'),
(132, '172.30.49.28', NULL, 34644, '172.30.49.28', '2013-03-15 08:38'),
(133, '172.30.49.29', NULL, 18972, '172.30.49.29', '2013-03-16 01:23'),
(134, '172.30.49.32', NULL, 49832, '172.30.49.32', '2013-03-16 02:55'),
(135, '172.30.49.28', NULL, 19987, '172.30.49.28', '2013-03-23 03:08'),
(136, '172.30.49.28', NULL, 39992, '172.30.49.28', '2013-03-23 06:13'),
(137, '172.30.49.28', NULL, 9958, '172.30.49.28', '2013-03-23 06:43'),
(138, '172.30.49.28', NULL, 10999, '172.30.49.28', '2013-03-23 06:34'),
(139, '172.30.49.28', NULL, 11572, '172.30.49.28', '2013-03-23 06:59'),
(140, '172.30.49.29', NULL, 54382, '172.30.49.29', '2013-03-23 06:26'),
(141, '172.30.49.29', NULL, 61721, '172.30.49.29', '2013-03-23 07:21'),
(142, '172.30.49.32', NULL, 16945, '172.30.49.32', '2013-03-23 07:58'),
(143, '172.30.49.32', NULL, 22672, '172.30.49.32', '2013-03-23 07:27'),
(144, '172.30.49.27', NULL, 11002, '172.30.49.27', '2013-03-23 09:16'),
(145, '172.30.49.32', NULL, 64982, '172.30.49.32', '2013-03-24 11:23'),
(146, '172.30.49.27', NULL, 47306, '172.30.49.27', '2013-03-24 13:22'),
(147, '172.30.49.30', NULL, 56222, '172.30.49.30', '2013-03-25 12:26'),
(148, '172.30.49.29', NULL, 39823, '172.30.49.29', '2013-03-25 12:37'),
(149, '172.30.49.30', NULL, 3446, '172.30.49.30', '2013-03-25 12:46'),
(150, '172.30.49.30', NULL, 3722, '172.30.49.30', '2013-03-25 12:55'),
(151, '172.30.49.27', NULL, 51559, '172.30.49.27', '2013-03-25 12:13'),
(152, '172.30.49.30', NULL, 38820, '172.30.49.30', '2013-03-26 08:49'),
(153, '172.30.49.27', NULL, 12737, '172.30.49.27', '2013-03-26 13:53'),
(154, '172.30.49.28', NULL, 3757, '172.30.49.28', '2013-03-26 13:10'),
(155, '172.30.49.30', NULL, 46012, '172.30.49.30', '2013-03-26 13:28'),
(156, '172.30.49.27', NULL, 11024, '172.30.49.27', '2013-03-26 13:59'),
(157, '172.30.49.28', NULL, 18642, '172.30.49.28', '2013-03-26 13:06'),
(158, '172.30.49.32', NULL, 35334, '172.30.49.32', '2013-03-26 13:04'),
(159, '172.30.49.28', NULL, 36800, '172.30.49.28', '2013-03-26 13:10'),
(160, '172.30.49.27', NULL, 28177, '172.30.49.27', '2013-03-27 06:37'),
(161, '172.30.49.30', NULL, 1860, '172.30.49.30', '2013-03-28 02:16'),
(162, '172.30.49.32', NULL, 1185, '172.30.49.32', '2013-03-28 06:52'),
(163, '172.30.49.28', NULL, 64065, '172.30.49.28', '2013-03-28 06:27'),
(164, '172.30.49.27', NULL, 55863, '172.30.49.27', '2013-03-28 06:07'),
(165, '172.30.49.30', NULL, 27681, '172.30.49.30', '2013-03-29 02:15'),
(166, '172.30.49.30', NULL, 25078, '172.30.49.30', '2013-03-29 03:22'),
(167, '172.30.49.29', NULL, 10453, '172.30.49.29', '2013-03-29 06:09'),
(168, '172.30.49.29', NULL, 10310, '172.30.49.29', '2013-03-29 10:30'),
(169, '172.30.49.32', NULL, 33439, '172.30.49.32', '2013-03-29 16:50'),
(170, '172.30.49.27', NULL, 10707, '172.30.49.27', '2013-03-30 08:54'),
(171, '172.30.49.28', NULL, 9243, '172.30.49.28', '2013-03-30 11:43'),
(172, '172.30.49.30', NULL, 55185, '172.30.49.30', '2013-03-30 11:41'),
(173, '172.30.49.32', NULL, 18315, '172.30.49.32', '2013-03-30 12:24'),
(174, '172.30.49.27', NULL, 5721, '172.30.49.27', '2013-03-30 12:57'),
(175, '172.30.49.28', NULL, 55823, '172.30.49.28', '2013-03-31 04:11'),
(176, '172.30.49.28', NULL, 65146, '172.30.49.28', '2013-03-31 04:09'),
(177, '172.30.49.32', NULL, 2517, '172.30.49.32', '2013-03-31 04:07'),
(178, '172.30.49.32', NULL, 35992, '172.30.49.32', '2013-03-31 05:00'),
(179, '172.30.49.29', NULL, 45514, '172.30.49.29', '2013-03-31 10:24'),
(180, '172.30.49.27', NULL, 65526, '172.30.49.27', '2013-03-31 13:18'),
(181, '172.30.49.27', NULL, 9300, '172.30.49.27', '2013-04-01 06:08'),
(182, '172.30.49.29', NULL, 34398, '172.30.49.29', '2013-04-01 12:05'),
(183, '172.30.49.27', NULL, 59860, '172.30.49.27', '2013-04-01 12:00'),
(184, '172.30.49.32', NULL, 45488, '172.30.49.32', '2013-04-02 12:49'),
(185, '172.30.49.30', NULL, 53431, '172.30.49.30', '2013-04-03 02:57'),
(186, '172.30.49.29', NULL, 43946, '172.30.49.29', '2013-04-03 03:21'),
(187, '172.30.49.27', NULL, 4151, '172.30.49.27', '2013-04-03 09:57'),
(188, '172.30.49.29', NULL, 10812, '172.30.49.29', '2013-04-03 10:58'),
(189, '172.30.49.27', NULL, 54525, '172.30.49.27', '2013-04-04 01:31'),
(190, '172.30.49.30', NULL, 62641, '172.30.49.30', '2013-04-04 08:25'),
(191, '172.30.49.32', NULL, 23092, '172.30.49.32', '2013-04-04 08:50'),
(192, '172.30.49.27', NULL, 35199, '172.30.49.27', '2013-04-04 15:44'),
(193, '172.30.49.28', NULL, 3312, '172.30.49.28', '2013-04-06 09:09'),
(194, '172.30.49.30', NULL, 6221, '172.30.49.30', '2013-04-07 06:42'),
(195, '172.30.49.32', NULL, 20676, '172.30.49.32', '2013-04-08 03:30'),
(196, '172.30.49.28', NULL, 2219, '172.30.49.28', '2013-04-08 06:17'),
(197, '172.30.49.29', NULL, 53700, '172.30.49.29', '2013-04-11 04:00'),
(198, '172.30.49.28', NULL, 36743, '172.30.49.28', '2013-04-12 09:26'),
(199, '172.30.49.27', NULL, 19838, '172.30.49.27', '2013-04-13 14:05'),
(200, '172.30.49.30', NULL, 56962, '172.30.49.30', '2013-04-14 14:52'),
(201, '172.30.49.30', NULL, 59139, '172.30.49.30', '2013-04-14 14:54'),
(202, '172.30.49.32', NULL, 20851, '172.30.49.32', '2013-04-14 14:38'),
(203, '172.30.49.29', NULL, 8610, '172.30.49.29', '2013-04-16 02:05'),
(204, '172.30.49.28', NULL, 34568, '172.30.49.28', '2013-04-16 02:05'),
(205, '172.30.49.28', NULL, 44743, '172.30.49.28', '2013-04-16 03:40'),
(206, '172.30.49.29', NULL, 45813, '172.30.49.29', '2013-04-16 03:22'),
(207, '172.30.49.29', NULL, 55705, '172.30.49.29', '2013-04-16 05:42'),
(208, '172.30.49.29', NULL, 21497, '172.30.49.29', '2013-04-17 01:18'),
(209, '172.30.49.30', NULL, 61533, '172.30.49.30', '2013-04-17 08:03'),
(210, '172.30.49.29', NULL, 56453, '172.30.49.29', '2013-04-17 11:28'),
(211, '172.30.49.28', NULL, 31887, '172.30.49.28', '2013-04-17 12:49'),
(212, '172.30.49.29', NULL, 38998, '172.30.49.29', '2013-04-17 12:22'),
(213, '172.30.49.32', NULL, 5607, '172.30.49.32', '2013-04-17 13:20'),
(214, '172.30.49.32', NULL, 15380, '172.30.49.32', '2013-04-17 13:29'),
(215, '172.30.49.28', NULL, 2670, '172.30.49.28', '2013-04-17 14:21'),
(216, '172.30.49.30', NULL, 34920, '172.30.49.30', '2013-04-17 18:04'),
(217, '172.30.49.28', NULL, 33035, '172.30.49.28', '2013-04-18 01:23'),
(218, '172.30.49.29', NULL, 40568, '172.30.49.29', '2013-04-18 01:47'),
(219, '172.30.49.27', NULL, 34986, '172.30.49.27', '2013-04-18 02:38'),
(220, '172.30.49.29', NULL, 47485, '172.30.49.29', '2013-04-18 02:54'),
(221, '172.30.49.27', NULL, 20460, '172.30.49.27', '2013-04-18 02:11'),
(222, '172.30.49.30', NULL, 19592, '172.30.49.30', '2013-04-18 02:56'),
(223, '172.30.49.29', NULL, 35268, '172.30.49.29', '2013-04-18 02:58'),
(224, '172.30.49.30', NULL, 22787, '172.30.49.30', '2013-04-18 02:48'),
(225, '172.30.49.28', NULL, 38056, '172.30.49.28', '2013-04-18 02:28'),
(226, '172.30.49.32', NULL, 17110, '172.30.49.32', '2013-04-18 03:35'),
(227, '172.30.49.28', NULL, 3607, '172.30.49.28', '2013-04-18 03:50'),
(228, '172.30.49.32', NULL, 28773, '172.30.49.32', '2013-04-18 03:44'),
(229, '172.30.49.29', NULL, 31826, '172.30.49.29', '2013-04-18 03:14'),
(230, '172.30.49.29', NULL, 34187, '172.30.49.29', '2013-04-18 03:32'),
(231, '172.30.49.32', NULL, 27144, '172.30.49.32', '2013-04-18 03:50'),
(232, '172.30.49.32', NULL, 37475, '172.30.49.32', '2013-04-18 03:54'),
(233, '172.30.49.28', NULL, 26833, '172.30.49.28', '2013-04-18 05:41'),
(234, '172.30.49.29', NULL, 37274, '172.30.49.29', '2013-04-18 05:29'),
(235, '172.30.49.28', NULL, 63846, '172.30.49.28', '2013-04-18 05:33'),
(236, '172.30.49.30', NULL, 25109, '172.30.49.30', '2013-04-18 05:17'),
(237, '172.30.49.29', NULL, 44870, '172.30.49.29', '2013-04-18 05:56'),
(238, '172.30.49.29', NULL, 58365, '172.30.49.29', '2013-04-18 05:53'),
(239, '172.30.49.30', NULL, 40026, '172.30.49.30', '2013-04-18 05:11'),
(240, '172.30.49.27', NULL, 50025, '172.30.49.27', '2013-04-18 05:31'),
(241, '172.30.49.30', NULL, 59796, '172.30.49.30', '2013-04-18 05:50'),
(242, '172.30.49.28', NULL, 38048, '172.30.49.28', '2013-04-18 05:45'),
(243, '172.30.49.32', NULL, 58884, '172.30.49.32', '2013-04-18 05:49'),
(244, '172.30.49.30', NULL, 13278, '172.30.49.30', '2013-04-18 05:03'),
(245, '172.30.49.32', NULL, 44662, '172.30.49.32', '2013-04-18 06:37'),
(246, '172.30.49.27', NULL, 31765, '172.30.49.27', '2013-04-18 06:44'),
(247, '172.30.49.29', NULL, 1684, '172.30.49.29', '2013-04-18 06:27'),
(248, '172.30.49.30', NULL, 58256, '172.30.49.30', '2013-04-18 07:19'),
(249, '172.30.49.30', NULL, 34668, '172.30.49.30', '2013-04-18 07:23'),
(250, '172.30.49.30', NULL, 56670, '172.30.49.30', '2013-04-18 07:15'),
(251, '172.30.49.30', NULL, 24023, '172.30.49.30', '2013-04-18 08:46'),
(252, '172.30.49.28', NULL, 56120, '172.30.49.28', '2013-04-18 08:37'),
(253, '172.30.49.29', NULL, 60534, '172.30.49.29', '2013-04-19 01:13'),
(254, '172.30.49.30', NULL, 8886, '172.30.49.30', '2013-04-19 01:30'),
(255, '172.30.49.30', NULL, 9174, '172.30.49.30', '2013-04-19 01:40'),
(256, '172.30.49.29', NULL, 19049, '172.30.49.29', '2013-04-19 01:27'),
(257, '172.30.49.30', NULL, 25603, '172.30.49.30', '2013-04-19 01:16'),
(258, '172.30.49.28', NULL, 39907, '172.30.49.28', '2013-04-19 02:39'),
(259, '172.30.49.32', NULL, 21475, '172.30.49.32', '2013-04-19 02:52'),
(260, '172.30.49.27', NULL, 44460, '172.30.49.27', '2013-04-19 02:21'),
(261, '172.30.49.30', NULL, 9206, '172.30.49.30', '2013-04-19 02:27'),
(262, '172.30.49.28', NULL, 18269, '172.30.49.28', '2013-04-19 02:32'),
(263, '172.30.49.27', NULL, 32993, '172.30.49.27', '2013-04-19 02:51'),
(264, '172.30.49.28', NULL, 28966, '172.30.49.28', '2013-04-19 08:28'),
(265, '172.30.49.32', NULL, 12251, '172.30.49.32', '2013-04-19 10:27'),
(266, '172.30.49.29', NULL, 36593, '172.30.49.29', '2013-04-19 10:43'),
(267, '172.30.49.32', NULL, 41023, '172.30.49.32', '2013-04-19 10:56'),
(268, '172.30.49.27', NULL, 55670, '172.30.49.27', '2013-04-19 12:59'),
(269, '172.30.49.29', NULL, 56941, '172.30.49.29', '2013-04-19 12:26'),
(270, '172.30.49.27', NULL, 14196, '172.30.49.27', '2013-04-19 12:43'),
(271, '172.30.49.28', NULL, 33613, '172.30.49.28', '2013-04-20 17:24'),
(272, '172.30.49.27', NULL, 26846, '172.30.49.27', '2013-04-20 20:35'),
(273, '172.30.49.29', NULL, 46891, '172.30.49.29', '2013-04-21 08:42'),
(274, '172.30.49.28', NULL, 57837, '172.30.49.28', '2013-04-21 08:46'),
(275, '172.30.49.30', NULL, 59624, '172.30.49.30', '2013-04-21 08:27'),
(276, '172.30.49.27', NULL, 4159, '172.30.49.27', '2013-04-21 08:02'),
(277, '172.30.49.27', NULL, 13736, '172.30.49.27', '2013-04-22 01:07'),
(278, '172.30.49.30', NULL, 14612, '172.30.49.30', '2013-04-22 01:53'),
(279, '172.30.49.27', NULL, 24270, '172.30.49.27', '2013-04-22 01:59'),
(280, '172.30.49.30', NULL, 2645, '172.30.49.30', '2013-04-22 01:12'),
(281, '172.30.49.30', NULL, 42801, '172.30.49.30', '2013-04-22 01:49'),
(282, '172.30.49.27', NULL, 50143, '172.30.49.27', '2013-04-22 02:58'),
(283, '172.30.49.29', NULL, 46617, '172.30.49.29', '2013-04-22 02:24'),
(284, '172.30.49.28', NULL, 58680, '172.30.49.28', '2013-04-22 02:30'),
(285, '172.30.49.32', NULL, 43764, '172.30.49.32', '2013-04-23 05:52'),
(286, '172.30.49.30', NULL, 11106, '172.30.49.30', '2013-04-23 05:44'),
(287, '172.30.49.30', NULL, 9616, '172.30.49.30', '2013-04-23 06:38'),
(288, '172.30.49.29', NULL, 63366, '172.30.49.29', '2013-04-23 06:34'),
(289, '172.30.49.32', NULL, 6026, '172.30.49.32', '2013-04-24 03:56'),
(290, '172.30.49.30', NULL, 41735, '172.30.49.30', '2013-04-24 10:55'),
(291, '172.30.49.28', NULL, 27551, '172.30.49.28', '2013-04-25 02:36'),
(292, '172.30.49.27', NULL, 14482, '172.30.49.27', '2013-04-26 02:00'),
(293, '172.30.49.32', NULL, 7780, '172.30.49.32', '2013-04-26 05:42'),
(294, '172.30.49.29', NULL, 17939, '172.30.49.29', '2013-04-27 10:12'),
(295, '172.30.49.27', NULL, 17297, '172.30.49.27', '2013-04-28 05:19'),
(296, '172.30.49.30', NULL, 17933, '172.30.49.30', '2013-04-28 05:41'),
(297, '172.30.49.28', NULL, 36806, '172.30.49.28', '2013-04-28 05:23'),
(298, '172.30.49.28', NULL, 37560, '172.30.49.28', '2013-04-28 05:10'),
(299, '172.30.49.28', NULL, 37659, '172.30.49.28', '2013-04-28 05:17'),
(300, '172.30.49.28', NULL, 23667, '172.30.49.28', '2013-04-30 18:38'),
(301, '172.30.49.29', NULL, 50209, '172.30.49.29', '2013-05-01 03:16'),
(302, '172.30.49.29', NULL, 49226, '172.30.49.29', '2013-05-02 01:53'),
(303, '172.30.49.29', NULL, 49620, '172.30.49.29', '2013-05-02 01:25'),
(304, '172.30.49.29', NULL, 50519, '172.30.49.29', '2013-05-02 01:42'),
(305, '172.30.49.32', NULL, 60408, '172.30.49.32', '2013-05-02 01:33'),
(306, '172.30.49.28', NULL, 37263, '172.30.49.28', '2013-05-03 07:49'),
(307, '172.30.49.32', NULL, 4872, '172.30.49.32', '2013-05-11 11:13'),
(308, '172.30.49.32', NULL, 58038, '172.30.49.32', '2013-05-12 10:56'),
(309, '172.30.49.28', NULL, 37159, '172.30.49.28', '2013-05-12 11:27'),
(310, '172.30.49.27', NULL, 33981, '172.30.49.27', '2013-05-13 01:33'),
(311, '172.30.49.30', NULL, 54967, '172.30.49.30', '2013-05-13 11:10'),
(312, '172.30.49.28', NULL, 49549, '172.30.49.28', '2013-05-15 13:12'),
(313, '172.30.49.29', NULL, 30494, '172.30.49.29', '2013-05-16 02:23'),
(314, '172.30.49.32', NULL, 16374, '172.30.49.32', '2013-05-16 03:54'),
(315, '172.30.49.27', NULL, 23963, '172.30.49.27', '2013-05-16 06:57'),
(316, '172.30.49.27', NULL, 61220, '172.30.49.27', '2013-05-16 10:14'),
(317, '172.30.49.30', NULL, 18380, '172.30.49.30', '2013-05-17 09:16'),
(318, '172.30.49.32', NULL, 52406, '172.30.49.32', '2013-05-19 07:40'),
(319, '172.30.49.29', NULL, 15769, '172.30.49.29', '2013-05-19 07:48'),
(320, '172.30.49.27', NULL, 32174, '172.30.49.27', '2013-05-19 07:32'),
(321, '172.30.49.27', NULL, 28509, '172.30.49.27', '2013-05-20 07:44'),
(322, '172.30.49.27', NULL, 26167, '172.30.49.27', '2013-05-20 10:22'),
(323, '172.30.49.32', NULL, 39937, '172.30.49.32', '2013-05-21 07:47'),
(324, '172.30.49.29', NULL, 59956, '172.30.49.29', '2013-05-22 03:02'),
(325, '172.30.49.32', NULL, 11742, '172.30.49.32', '2013-05-22 07:48'),
(326, '172.30.49.28', NULL, 61265, '172.30.49.28', '2013-05-22 07:54'),
(327, '172.30.49.30', NULL, 46193, '172.30.49.30', '2013-05-22 07:22'),
(328, '172.30.49.28', NULL, 62060, '172.30.49.28', '2013-05-22 07:50'),
(329, '172.30.49.30', NULL, 46832, '172.30.49.30', '2013-05-22 07:08'),
(330, '172.30.49.29', NULL, 5393, '172.30.49.29', '2013-05-22 07:46'),
(331, '172.30.49.27', NULL, 29859, '172.30.49.27', '2013-05-22 07:24'),
(332, '172.30.49.32', NULL, 20735, '172.30.49.32', '2013-05-22 07:57'),
(333, '172.30.49.28', NULL, 8878, '172.30.49.28', '2013-05-22 07:25'),
(334, '172.30.49.29', NULL, 16262, '172.30.49.29', '2013-05-22 07:01'),
(335, '172.30.49.30', NULL, 63248, '172.30.49.30', '2013-05-22 07:44'),
(336, '172.30.49.29', NULL, 23115, '172.30.49.29', '2013-05-22 07:13'),
(337, '172.30.49.27', NULL, 43253, '172.30.49.27', '2013-05-22 07:51'),
(338, '172.30.49.32', NULL, 30793, '172.30.49.32', '2013-05-22 10:11'),
(339, '172.30.49.32', NULL, 21421, '172.30.49.32', '2013-05-23 01:00'),
(340, '172.30.49.27', NULL, 18892, '172.30.49.27', '2013-05-23 13:50'),
(341, '172.30.49.28', NULL, 59418, '172.30.49.28', '2013-05-23 13:53'),
(342, '172.30.49.27', NULL, 24163, '172.30.49.27', '2013-05-23 13:20'),
(343, '172.30.49.30', NULL, 63994, '172.30.49.30', '2013-05-24 03:57'),
(344, '172.30.49.30', NULL, 47853, '172.30.49.30', '2013-05-25 05:44'),
(345, '172.30.49.27', NULL, 17120, '172.30.49.27', '2013-05-25 10:58'),
(346, '172.30.49.32', NULL, 26349, '172.30.49.32', '2013-05-25 11:26'),
(347, '172.30.49.29', NULL, 48072, '172.30.49.29', '2013-05-26 04:34'),
(348, '172.30.49.29', NULL, 3251, '172.30.49.29', '2013-05-26 05:39'),
(349, '172.30.49.28', NULL, 55543, '172.30.49.28', '2013-05-26 13:28'),
(350, '172.30.49.32', NULL, 27918, '172.30.49.32', '2013-05-27 00:59'),
(351, '172.30.49.29', NULL, 23624, '172.30.49.29', '2013-05-27 01:46'),
(352, '172.30.49.30', NULL, 58278, '172.30.49.30', '2013-05-28 02:23'),
(353, '172.30.49.29', NULL, 9078, '172.30.49.29', '2013-05-28 02:37'),
(354, '172.30.49.27', NULL, 30386, '172.30.49.27', '2013-05-28 02:57'),
(355, '172.30.49.27', NULL, 23961, '172.30.49.27', '2013-05-28 05:37'),
(356, '172.30.49.27', NULL, 48892, '172.30.49.27', '2013-05-28 10:20'),
(357, '172.30.49.29', NULL, 28865, '172.30.49.29', '2013-05-28 10:05'),
(358, '172.30.49.29', NULL, 65309, '172.30.49.29', '2013-05-28 12:04'),
(359, '172.30.49.32', NULL, 56051, '172.30.49.32', '2013-05-28 23:17'),
(360, '172.30.49.30', NULL, 44930, '172.30.49.30', '2013-05-29 07:11'),
(361, '172.30.49.30', NULL, 46973, '172.30.49.30', '2013-05-29 07:59'),
(362, '172.30.49.29', NULL, 62865, '172.30.49.29', '2013-05-29 07:01'),
(363, '172.30.49.29', NULL, 63155, '172.30.49.29', '2013-05-29 07:25'),
(364, '172.30.49.29', NULL, 63186, '172.30.49.29', '2013-05-29 07:27'),
(365, '172.30.49.32', NULL, 63129, '172.30.49.32', '2013-05-29 07:28'),
(366, '172.30.49.29', NULL, 63267, '172.30.49.29', '2013-05-29 07:33'),
(367, '172.30.49.32', NULL, 63561, '172.30.49.32', '2013-05-29 07:02'),
(368, '172.30.49.32', NULL, 64747, '172.30.49.32', '2013-05-29 07:35'),
(369, '172.30.49.28', NULL, 2995, '172.30.49.28', '2013-05-29 07:54'),
(370, '172.30.49.30', NULL, 51747, '172.30.49.30', '2013-05-29 07:11'),
(371, '172.30.49.29', NULL, 4029, '172.30.49.29', '2013-05-29 07:18'),
(372, '172.30.49.30', NULL, 54153, '172.30.49.30', '2013-05-29 07:05'),
(373, '172.30.49.27', NULL, 29124, '172.30.49.27', '2013-05-29 07:41'),
(374, '172.30.49.32', NULL, 5768, '172.30.49.32', '2013-05-29 07:51'),
(375, '172.30.49.27', NULL, 29595, '172.30.49.27', '2013-05-29 07:18'),
(376, '172.30.49.29', NULL, 7626, '172.30.49.29', '2013-05-29 07:04'),
(377, '172.30.49.27', NULL, 32449, '172.30.49.27', '2013-05-29 07:26'),
(378, '172.30.49.28', NULL, 11475, '172.30.49.28', '2013-05-29 08:13'),
(379, '172.30.49.27', NULL, 9030, '172.30.49.27', '2013-05-29 08:10'),
(380, '172.30.49.29', NULL, 1634, '172.30.49.29', '2013-05-29 08:26'),
(381, '172.30.49.32', NULL, 29834, '172.30.49.32', '2013-05-29 08:52'),
(382, '172.30.49.30', NULL, 37963, '172.30.49.30', '2013-05-29 08:34'),
(383, '172.30.49.27', NULL, 1901, '172.30.49.27', '2013-05-29 08:10'),
(384, '172.30.49.29', NULL, 45850, '172.30.49.29', '2013-05-29 10:23'),
(385, '172.30.49.29', NULL, 49349, '172.30.49.29', '2013-05-29 11:57'),
(386, '172.30.49.27', NULL, 53393, '172.30.49.27', '2013-05-29 12:23'),
(387, '172.30.49.32', NULL, 18457, '172.30.49.32', '2013-05-29 12:24'),
(388, '172.30.49.28', NULL, 40651, '172.30.49.28', '2013-05-29 13:26'),
(389, '172.30.49.32', NULL, 27067, '172.30.49.32', '2013-05-29 14:45'),
(390, '172.30.49.32', NULL, 27701, '172.30.49.32', '2013-05-29 14:31'),
(391, '172.30.49.28', NULL, 34201, '172.30.49.28', '2013-05-29 15:31'),
(392, '172.30.49.30', NULL, 57941, '172.30.49.30', '2013-05-29 16:16'),
(393, '172.30.49.30', NULL, 42544, '172.30.49.30', '2013-05-29 17:11'),
(394, '172.30.49.27', NULL, 64671, '172.30.49.27', '2013-05-29 17:18'),
(395, '172.30.49.30', NULL, 43030, '172.30.49.30', '2013-05-30 00:19'),
(396, '172.30.49.32', NULL, 42734, '172.30.49.32', '2013-05-30 01:07'),
(397, '172.30.49.30', NULL, 11198, '172.30.49.30', '2013-05-30 01:42'),
(398, '172.30.49.28', NULL, 33017, '172.30.49.28', '2013-05-30 01:04'),
(399, '172.30.49.28', NULL, 37448, '172.30.49.28', '2013-05-30 01:56'),
(400, '172.30.49.28', NULL, 39199, '172.30.49.28', '2013-05-30 01:47'),
(401, '172.30.49.27', NULL, 25008, '172.30.49.27', '2013-05-30 02:27'),
(402, '172.30.49.28', NULL, 1972, '172.30.49.28', '2013-05-30 03:23'),
(403, '172.30.49.29', NULL, 53745, '172.30.49.29', '2013-05-30 05:17'),
(404, '172.30.49.28', NULL, 2823, '172.30.49.28', '2013-05-30 07:25'),
(405, '172.30.49.29', NULL, 56840, '172.30.49.29', '2013-05-30 07:07'),
(406, '172.30.49.28', NULL, 29909, '172.30.49.28', '2013-05-30 08:30'),
(407, '172.30.49.28', NULL, 49632, '172.30.49.28', '2013-05-30 08:11'),
(408, '172.30.49.27', NULL, 36297, '172.30.49.27', '2013-05-30 09:23'),
(409, '172.30.49.30', NULL, 20341, '172.30.49.30', '2013-05-30 11:54'),
(410, '172.30.49.32', NULL, 50565, '172.30.49.32', '2013-05-30 14:24'),
(411, '172.30.49.30', NULL, 25514, '172.30.49.30', '2013-05-31 02:59'),
(412, '172.30.49.28', NULL, 48966, '172.30.49.28', '2013-05-31 02:59'),
(413, '172.30.49.30', NULL, 25516, '172.30.49.30', '2013-05-31 02:59'),
(414, '172.30.49.29', NULL, 35955, '172.30.49.29', '2013-05-31 02:59'),
(415, '172.30.49.29', NULL, 25632, '172.30.49.29', '2013-05-31 05:00'),
(416, '172.30.49.28', NULL, 61211, '172.30.49.28', '2013-05-31 07:40'),
(417, '172.30.49.29', NULL, 55157, '172.30.49.29', '2013-05-31 09:06'),
(418, '172.30.49.27', NULL, 15159, '172.30.49.27', '2013-05-31 10:40'),
(419, '172.30.49.29', NULL, 65385, '172.30.49.29', '2013-06-01 11:14'),
(420, '172.30.49.27', NULL, 12036, '172.30.49.27', '2013-06-02 02:47'),
(421, '172.30.49.32', NULL, 53478, '172.30.49.32', '2013-06-02 02:05'),
(422, '172.30.49.30', NULL, 51495, '172.30.49.30', '2013-06-02 02:21'),
(423, '172.30.49.30', NULL, 54753, '172.30.49.30', '2013-06-02 02:13'),
(424, '172.30.49.30', NULL, 55676, '172.30.49.30', '2013-06-02 02:33'),
(425, '172.30.49.30', NULL, 56793, '172.30.49.30', '2013-06-02 02:11'),
(426, '172.30.49.28', NULL, 50720, '172.30.49.28', '2013-06-02 13:04'),
(427, '172.30.49.27', NULL, 49986, '172.30.49.27', '2013-06-03 06:20'),
(428, '172.30.49.32', NULL, 55930, '172.30.49.32', '2013-06-04 13:35'),
(429, '172.30.49.27', NULL, 43932, '172.30.49.27', '2013-06-05 03:31'),
(430, '172.30.49.29', NULL, 43712, '172.30.49.29', '2013-06-05 07:49'),
(431, '172.30.49.27', NULL, 54171, '172.30.49.27', '2013-06-05 14:47'),
(432, '172.30.49.28', NULL, 56772, '172.30.49.28', '2013-06-07 08:23'),
(433, '172.30.49.28', NULL, 34054, '172.30.49.28', '2013-06-07 13:19'),
(434, '172.30.49.29', NULL, 42422, '172.30.49.29', '2013-06-07 13:35'),
(435, '172.30.49.30', NULL, 35025, '172.30.49.30', '2013-06-08 08:51'),
(436, '172.30.49.28', NULL, 64146, '172.30.49.28', '2013-06-09 01:37'),
(437, '172.30.49.29', NULL, 26825, '172.30.49.29', '2013-06-13 03:41'),
(438, '172.30.49.29', NULL, 38740, '172.30.49.29', '2013-06-13 04:18'),
(439, '172.30.49.29', NULL, 20372, '172.30.49.29', '2013-06-17 03:05'),
(440, '172.30.49.28', NULL, 51499, '172.30.49.28', '2013-06-17 10:04'),
(441, '172.30.49.27', NULL, 24241, '172.30.49.27', '2013-06-17 12:24'),
(442, '172.30.49.32', NULL, 45387, '172.30.49.32', '2013-06-18 01:01'),
(443, '172.30.49.30', NULL, 13959, '172.30.49.30', '2013-06-18 07:28'),
(444, '172.30.49.32', NULL, 58161, '172.30.49.32', '2013-06-18 09:26'),
(445, '172.30.49.29', NULL, 52943, '172.30.49.29', '2013-06-18 13:47'),
(446, '172.30.49.32', NULL, 1593, '172.30.49.32', '2013-06-19 08:30'),
(447, '172.30.49.28', NULL, 14948, '172.30.49.28', '2013-06-20 01:09'),
(448, '172.30.49.32', NULL, 10166, '172.30.49.32', '2013-06-21 15:27'),
(449, '172.30.49.28', NULL, 64869, '172.30.49.28', '2013-06-24 07:50'),
(450, '172.30.49.27', NULL, 9295, '172.30.49.27', '2013-06-24 12:55'),
(451, '172.30.49.30', NULL, 63924, '172.30.49.30', '2013-06-26 03:49'),
(452, '172.30.49.27', NULL, 44106, '172.30.49.27', '2013-06-26 06:39'),
(453, '172.30.49.28', NULL, 65398, '172.30.49.28', '2013-06-27 05:35'),
(454, '172.30.49.32', NULL, 33816, '172.30.49.32', '2013-06-27 10:58'),
(455, '172.30.49.32', NULL, 4429, '172.30.49.32', '2013-06-29 15:30'),
(456, '172.30.49.29', NULL, 25281, '172.30.49.29', '2013-06-29 15:07'),
(457, '172.30.49.32', NULL, 30530, '172.30.49.32', '2013-06-29 16:19'),
(458, '172.30.49.30', NULL, 35724, '172.30.49.30', '2013-06-29 16:46'),
(459, '172.30.49.27', NULL, 20458, '172.30.49.27', '2013-06-29 16:26'),
(460, '172.30.49.27', NULL, 16129, '172.30.49.27', '2013-06-29 23:58'),
(461, '172.30.49.27', NULL, 16222, '172.30.49.27', '2013-06-29 23:09'),
(462, '172.30.49.32', NULL, 32455, '172.30.49.32', '2013-06-29 23:39'),
(463, '172.30.49.32', NULL, 63665, '172.30.49.32', '2013-06-30 00:45'),
(465, '10.4.8.6', NULL, 49819, '10.4.8.6', '2013-07-01 11:14'),
(466, '10.4.8.6', NULL, 49876, '10.4.8.6', '2013-07-01 11:37'),
(467, '10.4.8.6', NULL, 49891, '10.4.8.6', '2013-07-01 11:55'),
(468, '10.4.8.6', NULL, 53171, '10.4.8.6', '2013-07-01 13:47'),
(469, '10.4.8.6', NULL, 53317, '10.4.8.6', '2013-07-01 13:15'),
(470, '10.4.8.6', NULL, 53998, '10.4.8.6', '2013-07-01 13:14'),
(471, '10.4.8.6', NULL, 56132, '10.4.8.6', '2013-07-01 14:07'),
(472, '10.4.8.6', NULL, 56156, '10.4.8.6', '2013-07-01 14:16'),
(473, '10.4.8.6', NULL, 58883, '10.4.8.6', '2013-07-01 14:58'),
(474, '10.4.8.6', NULL, 60358, '10.4.8.6', '2013-07-01 15:28'),
(475, '10.4.8.6', NULL, 60753, '10.4.8.6', '2013-07-01 15:41'),
(476, '10.4.8.6', NULL, 60775, '10.4.8.6', '2013-07-01 15:48'),
(477, '10.4.8.6', NULL, 60788, '10.4.8.6', '2013-07-01 15:53'),
(478, '10.4.8.6', NULL, 60789, '10.4.8.6', '2013-07-01 15:55'),
(479, '10.4.8.6', NULL, 60790, '10.4.8.6', '2013-07-01 15:56'),
(480, '10.4.8.6', NULL, 60791, '10.4.8.6', '2013-07-01 15:57'),
(481, '10.4.8.6', NULL, 60793, '10.4.8.6', '2013-07-01 15:58'),
(482, '10.4.8.6', NULL, 60795, '10.4.8.6', '2013-07-01 15:59'),
(483, '10.4.8.6', NULL, 60798, '10.4.8.6', '2013-07-01 15:00'),
(484, '10.4.8.6', NULL, 32934, '10.4.8.6', '2013-07-01 15:53'),
(485, '10.4.8.6', NULL, 53006, '10.4.8.6', '2013-07-01 15:45'),
(486, '10.4.8.6', NULL, 53178, '10.4.8.6', '2013-07-01 15:10'),
(487, '10.4.8.6', NULL, 53182, '10.4.8.6', '2013-07-01 15:18'),
(488, '10.4.8.6', NULL, 53192, '10.4.8.6', '2013-07-01 15:37'),
(489, '10.4.8.6', NULL, 53273, '10.4.8.6', '2013-07-01 15:01'),
(490, '10.4.8.6', NULL, 53286, '10.4.8.6', '2013-07-01 15:08'),
(491, '10.4.8.6', NULL, 53337, '10.4.8.6', '2013-07-01 15:23'),
(492, '10.4.8.6', NULL, 53350, '10.4.8.6', '2013-07-01 15:27'),
(493, '10.4.8.6', NULL, 53354, '10.4.8.6', '2013-07-01 15:28'),
(494, '10.4.8.6', NULL, 53390, '10.4.8.6', '2013-07-01 15:26'),
(495, '10.4.8.6', NULL, 53535, '10.4.8.6', '2013-07-01 15:38'),
(496, '10.4.8.6', NULL, 53625, '10.4.8.6', '2013-07-01 15:03'),
(497, '10.4.8.6', NULL, 54199, '10.4.8.6', '2013-07-01 15:12'),
(498, '10.4.8.6', NULL, 54370, '10.4.8.6', '2013-07-01 16:34'),
(499, '10.4.8.6', NULL, 56174, '10.4.8.6', '2013-07-01 16:15'),
(500, '10.4.8.6', NULL, 58581, '10.4.8.6', '2013-07-01 17:16'),
(501, '10.4.8.6', NULL, 58607, '10.4.8.6', '2013-07-01 17:40'),
(502, '10.4.8.6', NULL, 58635, '10.4.8.6', '2013-07-01 17:58'),
(503, '10.4.8.6', NULL, 58648, '10.4.8.6', '2013-07-01 17:05'),
(504, '10.4.8.6', NULL, 58854, '10.4.8.6', '2013-07-01 17:25'),
(505, '10.4.8.6', NULL, 60607, '10.4.8.6', '2013-07-01 18:48'),
(506, '10.4.8.6', NULL, 60751, '10.4.8.6', '2013-07-01 18:02'),
(507, '10.4.8.6', NULL, 37263, '10.4.8.6', '2013-07-01 20:35'),
(508, '10.4.8.6', NULL, 39352, '10.4.8.6', '2013-07-01 21:04'),
(509, '10.4.8.6', NULL, 40277, '10.4.8.6', '2013-07-01 22:06'),
(510, '10.4.8.6', NULL, 40286, '10.4.8.6', '2013-07-01 22:20'),
(511, '10.4.8.6', NULL, 39605, '10.4.8.6', '2013-07-02 10:25'),
(512, '10.4.8.6', NULL, 40994, '10.4.8.6', '2013-07-02 11:08'),
(513, '10.4.8.6', NULL, 54050, '10.4.8.6', '2013-07-02 11:33'),
(514, '10.4.8.6', NULL, 54161, '10.4.8.6', '2013-07-02 11:34'),
(515, '10.4.8.6', NULL, 54666, '10.4.8.6', '2013-07-02 11:23'),
(516, '10.4.8.6', NULL, 52380, '10.4.8.6', '2013-07-02 11:39'),
(517, '10.4.8.6', NULL, 52516, '10.4.8.6', '2013-07-02 11:32'),
(518, '10.4.8.6', NULL, 52555, '10.4.8.6', '2013-07-02 11:10'),
(519, '10.4.8.6', NULL, 52758, '10.4.8.6', '2013-07-02 11:36'),
(520, '10.4.8.6', NULL, 52771, '10.4.8.6', '2013-07-02 11:46'),
(521, '10.4.8.6', NULL, 53411, '10.4.8.6', '2013-07-02 11:19'),
(522, '10.4.8.6', NULL, 53933, '10.4.8.6', '2013-07-02 11:57'),
(523, '10.4.8.6', NULL, 54025, '10.4.8.6', '2013-07-02 11:31'),
(524, '10.4.8.6', NULL, 55448, '10.4.8.6', '2013-07-02 12:45'),
(525, '10.4.8.6', NULL, 55765, '10.4.8.6', '2013-07-02 12:12'),
(526, '10.4.8.6', NULL, 51140, '10.4.8.6', '2013-07-02 13:01'),
(527, '10.4.8.6', NULL, 53332, '10.4.8.6', '2013-07-02 14:15'),
(528, '10.4.8.6', NULL, 34798, '10.4.8.6', '2013-07-02 16:04'),
(529, '10.4.8.6', NULL, 35219, '10.4.8.6', '2013-07-02 16:12'),
(530, '10.4.8.6', NULL, 41224, '10.4.8.6', '2013-07-02 17:10'),
(531, '10.4.8.6', NULL, 41268, '10.4.8.6', '2013-07-02 17:28'),
(532, '10.4.8.6', NULL, 41599, '10.4.8.6', '2013-07-02 17:51'),
(533, '10.4.8.6', NULL, 41775, '10.4.8.6', '2013-07-02 17:09'),
(534, '10.4.8.6', NULL, 41799, '10.4.8.6', '2013-07-02 17:36'),
(535, '10.4.8.6', NULL, 41845, '10.4.8.6', '2013-07-02 17:36'),
(536, '10.4.8.6', NULL, 41850, '10.4.8.6', '2013-07-02 17:45'),
(537, '10.4.8.6', NULL, 42089, '10.4.8.6', '2013-07-02 17:21'),
(538, '10.4.8.6', NULL, 46576, '10.4.8.6', '2013-07-02 18:12'),
(539, '10.4.8.6', NULL, 51475, '10.4.8.6', '2013-07-02 20:31'),
(540, '10.4.8.6', NULL, 51504, '10.4.8.6', '2013-07-02 20:52'),
(541, '10.4.8.6', NULL, 49992, '10.4.8.6', '2013-07-03 09:32'),
(542, '10.4.8.6', NULL, 40019, '10.4.8.6', '2013-07-03 13:33'),
(543, '10.4.8.6', NULL, 40775, '10.4.8.6', '2013-07-03 13:13'),
(544, '10.4.8.6', NULL, 40926, '10.4.8.6', '2013-07-03 13:01'),
(545, '10.4.8.6', NULL, 40955, '10.4.8.6', '2013-07-03 13:23'),
(546, '10.4.8.6', NULL, 41006, '10.4.8.6', '2013-07-03 13:31'),
(547, '10.4.8.6', NULL, 47515, '10.4.8.6', '2013-07-03 14:36'),
(548, '10.4.8.6', NULL, 47585, '10.4.8.6', '2013-07-03 14:08'),
(549, '10.4.8.6', NULL, 50763, '10.4.8.6', '2013-07-03 14:07'),
(550, '10.4.8.6', NULL, 51467, '10.4.8.6', '2013-07-03 15:53'),
(551, '10.4.8.6', NULL, 59438, '10.4.8.6', '2013-07-03 16:27'),
(552, '10.4.8.6', NULL, 54938, '10.4.8.6', '2013-07-03 16:27'),
(553, '10.4.8.6', NULL, 55323, '10.4.8.6', '2013-07-03 16:16'),
(554, '10.4.8.6', NULL, 56311, '10.4.8.6', '2013-07-03 16:42'),
(555, '10.4.8.6', NULL, 56326, '10.4.8.6', '2013-07-03 16:49'),
(556, '10.4.8.6', NULL, 58587, '10.4.8.6', '2013-07-03 17:16'),
(557, '10.4.8.6', NULL, 34875, '10.4.8.6', '2013-07-03 17:38'),
(558, '10.4.8.6', NULL, 39959, '10.4.8.6', '2013-07-03 17:14'),
(559, '10.4.8.6', NULL, 42473, '10.4.8.6', '2013-07-03 20:05'),
(560, '10.4.8.6', NULL, 48526, '10.4.8.6', '2013-07-03 20:10'),
(561, '10.4.8.6', NULL, 49503, '10.4.8.6', '2013-07-03 21:37'),
(562, '10.4.8.6', NULL, 49510, '10.4.8.6', '2013-07-03 21:38'),
(563, '10.4.8.6', NULL, 49544, '10.4.8.6', '2013-07-03 21:26'),
(564, '10.4.8.6', NULL, 49543, '10.4.8.6', '2013-07-03 21:26'),
(565, '10.4.8.6', NULL, 53766, '10.4.8.6', '2013-07-03 22:00'),
(566, '10.4.8.6', NULL, 60701, '10.4.8.6', '2013-07-04 11:54'),
(567, '10.4.8.6', NULL, 60734, '10.4.8.6', '2013-07-04 11:21'),
(568, '10.4.8.6', NULL, 42832, '10.4.8.6', '2013-07-04 13:22'),
(569, '10.4.8.6', NULL, 46962, '10.4.8.6', '2013-07-04 13:38'),
(570, '10.4.8.6', NULL, 53916, '10.4.8.6', '2013-07-04 14:03'),
(571, '10.4.8.6', NULL, 52546, '10.4.8.6', '2013-07-04 20:19'),
(572, '10.4.8.6', NULL, 59401, '10.4.8.6', '2013-07-04 21:42'),
(573, '10.4.8.6', NULL, 32842, '10.4.8.6', '2013-07-05 10:42'),
(574, '10.4.8.6', NULL, 38910, '10.4.8.6', '2013-07-05 18:47'),
(575, '10.4.8.6', NULL, 43465, '10.4.8.6', '2013-07-05 18:53'),
(576, '10.4.8.6', NULL, 44163, '10.4.8.6', '2013-07-05 18:23'),
(577, '10.4.8.6', NULL, 54730, '10.4.8.6', '2013-07-05 19:34'),
(578, '10.4.8.6', NULL, 37766, '10.4.8.6', '2013-07-06 09:54'),
(579, '10.4.8.6', NULL, 39506, '10.4.8.6', '2013-07-06 09:08'),
(580, '10.4.8.6', NULL, 56067, '10.4.8.6', '2013-07-06 10:52'),
(581, '10.4.8.6', NULL, 56242, '10.4.8.6', '2013-07-06 10:35'),
(582, '10.4.8.6', NULL, 56453, '10.4.8.6', '2013-07-06 10:10'),
(583, '10.4.8.6', NULL, 56857, '10.4.8.6', '2013-07-06 10:38'),
(584, '10.4.8.6', NULL, 56956, '10.4.8.6', '2013-07-06 10:04'),
(585, '10.4.8.6', NULL, 55334, '10.4.8.6', '2013-07-06 10:12'),
(586, '10.4.8.6', NULL, 57577, '10.4.8.6', '2013-07-06 13:14'),
(587, '10.4.8.6', NULL, 57827, '10.4.8.6', '2013-07-06 13:11'),
(588, '10.4.8.6', NULL, 34370, '10.4.8.6', '2013-07-06 14:58'),
(589, '10.4.8.6', NULL, 36554, '10.4.8.6', '2013-07-06 15:45'),
(590, '10.4.8.6', NULL, 37275, '10.4.8.6', '2013-07-06 16:20'),
(591, '10.4.8.6', NULL, 50884, '10.4.8.6', '2013-07-06 16:27'),
(592, '10.4.8.6', NULL, 34566, '10.4.8.6', '2013-07-06 19:08'),
(593, '10.4.8.6', NULL, 34638, '10.4.8.6', '2013-07-06 19:34'),
(594, '10.4.8.6', NULL, 42901, '10.4.8.6', '2013-07-07 08:47'),
(595, '10.4.8.6', NULL, 50922, '10.4.8.6', '2013-07-07 10:15'),
(596, '10.4.8.6', NULL, 53872, '10.4.8.6', '2013-07-07 11:01'),
(597, '10.4.8.6', NULL, 54121, '10.4.8.6', '2013-07-07 11:16'),
(598, '10.4.8.6', NULL, 54894, '10.4.8.6', '2013-07-07 11:24'),
(599, '10.4.8.6', NULL, 57814, '10.4.8.6', '2013-07-07 11:24'),
(600, '10.4.8.6', NULL, 54906, '10.4.8.6', '2013-07-07 11:27'),
(601, '10.4.8.6', NULL, 54919, '10.4.8.6', '2013-07-07 11:41'),
(602, '10.4.8.6', NULL, 54926, '10.4.8.6', '2013-07-07 11:48'),
(603, '10.4.8.6', NULL, 55218, '10.4.8.6', '2013-07-07 11:09'),
(604, '10.4.8.6', NULL, 40494, '10.4.8.6', '2013-07-07 13:07'),
(605, '10.4.8.6', NULL, 41515, '10.4.8.6', '2013-07-07 13:49'),
(606, '10.4.8.6', NULL, 49168, '10.4.8.6', '2013-07-07 15:25'),
(607, '10.4.8.6', NULL, 38383, '10.4.8.6', '2013-07-07 18:51'),
(608, '10.4.8.6', NULL, 38400, '10.4.8.6', '2013-07-07 18:00'),
(609, '10.4.8.6', NULL, 38477, '10.4.8.6', '2013-07-07 18:27'),
(610, '10.4.8.6', NULL, 39082, '10.4.8.6', '2013-07-07 18:46'),
(611, '10.4.8.6', NULL, 40718, '10.4.8.6', '2013-07-07 18:22'),
(612, '10.4.8.6', NULL, 41259, '10.4.8.6', '2013-07-07 19:57'),
(613, '10.4.8.6', NULL, 44709, '10.4.8.6', '2013-07-07 19:30'),
(614, '10.4.8.6', NULL, 42880, '10.4.8.6', '2013-07-08 08:22'),
(615, '10.4.8.6', NULL, 55674, '10.4.8.6', '2013-07-08 09:01'),
(616, '10.4.8.6', NULL, 52778, '10.4.8.6', '2013-07-08 09:12'),
(617, '10.4.8.6', NULL, 53244, '10.4.8.6', '2013-07-08 09:02'),
(618, '10.4.8.6', NULL, 53269, '10.4.8.6', '2013-07-08 09:17'),
(619, '10.4.8.6', NULL, 56269, '10.4.8.6', '2013-07-08 09:08'),
(620, '10.4.8.6', NULL, 60501, '10.4.8.6', '2013-07-08 10:51'),
(621, '10.4.8.6', NULL, 42967, '10.4.8.6', '2013-07-08 11:32'),
(622, '10.4.8.6', NULL, 41850, '10.4.8.6', '2013-07-08 11:22'),
(623, '10.4.8.6', NULL, 45687, '10.4.8.6', '2013-07-08 11:19'),
(624, '10.4.8.6', NULL, 52797, '10.4.8.6', '2013-07-08 12:52'),
(625, '10.4.8.6', NULL, 52799, '10.4.8.6', '2013-07-08 12:52'),
(626, '10.4.8.6', NULL, 52801, '10.4.8.6', '2013-07-08 12:52'),
(627, '10.4.8.6', NULL, 50126, '10.4.8.6', '2013-07-08 12:03'),
(628, '10.4.8.6', NULL, 53061, '10.4.8.6', '2013-07-08 12:03'),
(629, '10.4.8.6', NULL, 53063, '10.4.8.6', '2013-07-08 12:03'),
(630, '10.4.8.6', NULL, 53082, '10.4.8.6', '2013-07-08 12:04'),
(631, '10.4.8.6', NULL, 50279, '10.4.8.6', '2013-07-08 12:07'),
(632, '10.4.8.6', NULL, 50285, '10.4.8.6', '2013-07-08 12:07'),
(633, '10.4.8.6', NULL, 50357, '10.4.8.6', '2013-07-08 12:10'),
(634, '10.4.8.6', NULL, 53336, '10.4.8.6', '2013-07-08 12:31'),
(635, '10.4.8.6', NULL, 53341, '10.4.8.6', '2013-07-08 12:31'),
(636, '10.4.8.6', NULL, 50423, '10.4.8.6', '2013-07-08 12:31'),
(637, '10.4.8.6', NULL, 50421, '10.4.8.6', '2013-07-08 12:31'),
(638, '10.4.8.6', NULL, 50422, '10.4.8.6', '2013-07-08 12:31'),
(639, '10.4.8.6', NULL, 54490, '10.4.8.6', '2013-07-08 12:13'),
(640, '10.4.8.6', NULL, 58405, '10.4.8.6', '2013-07-08 12:26'),
(641, '10.4.8.6', NULL, 59231, '10.4.8.6', '2013-07-08 15:41'),
(642, '10.4.8.6', NULL, 37926, '10.4.8.6', '2013-07-08 16:16'),
(643, '10.4.8.6', NULL, 52974, '10.4.8.6', '2013-07-08 17:15'),
(644, '10.4.8.6', NULL, 54214, '10.4.8.6', '2013-07-08 17:10'),
(645, '10.4.8.6', NULL, 54806, '10.4.8.6', '2013-07-08 17:59'),
(646, '10.4.8.6', NULL, 48940, '10.4.8.6', '2013-07-08 20:17'),
(647, '10.4.8.6', NULL, 39775, '10.4.8.6', '2013-07-09 02:19'),
(648, '10.4.8.6', NULL, 59998, '10.4.8.6', '2013-07-09 11:54'),
(649, '10.4.8.6', NULL, 35097, '10.4.8.6', '2013-07-09 11:19'),
(650, '10.4.8.6', NULL, 57056, '10.4.8.6', '2013-07-09 14:33'),
(651, '10.4.8.6', NULL, 60853, '10.4.8.6', '2013-07-09 15:55'),
(652, '10.4.8.6', NULL, 35559, '10.4.8.6', '2013-07-09 15:08'),
(653, '10.4.8.6', NULL, 60984, '10.4.8.6', '2013-07-09 15:28'),
(654, '10.4.8.6', NULL, 49330, '10.4.8.6', '2013-07-09 16:37'),
(655, '10.4.8.6', NULL, 49586, '10.4.8.6', '2013-07-09 16:09'),
(656, '10.4.8.6', NULL, 49593, '10.4.8.6', '2013-07-09 16:11'),
(657, '10.4.8.6', NULL, 49620, '10.4.8.6', '2013-07-09 16:35'),
(658, '10.4.8.6', NULL, 49746, '10.4.8.6', '2013-07-09 16:58'),
(659, '10.4.8.6', NULL, 49785, '10.4.8.6', '2013-07-09 16:14'),
(660, '10.4.8.6', NULL, 50512, '10.4.8.6', '2013-07-09 16:11'),
(661, '10.4.8.6', NULL, 33875, '10.4.8.6', '2013-07-09 16:05'),
(662, '10.4.8.6', NULL, 42851, '10.4.8.6', '2013-07-09 16:31'),
(663, '10.4.8.6', NULL, 42886, '10.4.8.6', '2013-07-09 16:37'),
(664, '10.4.8.6', NULL, 43426, '10.4.8.6', '2013-07-09 16:22'),
(665, '10.4.8.6', NULL, 34903, '10.4.8.6', '2013-07-09 16:33'),
(666, '10.4.8.6', NULL, 43695, '10.4.8.6', '2013-07-09 16:51'),
(667, '10.4.8.6', NULL, 43831, '10.4.8.6', '2013-07-09 16:26'),
(668, '10.4.8.6', NULL, 43979, '10.4.8.6', '2013-07-09 16:59'),
(669, '10.4.8.6', NULL, 44278, '10.4.8.6', '2013-07-09 16:29'),
(670, '10.4.8.6', NULL, 44378, '10.4.8.6', '2013-07-09 16:54'),
(671, '10.4.8.6', NULL, 49401, '10.4.8.6', '2013-07-09 17:45'),
(672, '10.4.8.6', NULL, 52732, '10.4.8.6', '2013-07-09 17:28'),
(673, '10.4.8.6', NULL, 33373, '10.4.8.6', '2013-07-09 17:45'),
(674, '10.4.8.6', NULL, 53087, '10.4.8.6', '2013-07-09 17:14'),
(675, '10.4.8.6', NULL, 53106, '10.4.8.6', '2013-07-09 17:24'),
(676, '10.4.8.6', NULL, 53118, '10.4.8.6', '2013-07-09 17:38'),
(677, '10.4.8.6', NULL, 33467, '10.4.8.6', '2013-07-09 17:12'),
(678, '10.4.8.6', NULL, 53170, '10.4.8.6', '2013-07-09 17:38'),
(679, '10.4.8.6', NULL, 33508, '10.4.8.6', '2013-07-09 17:41'),
(680, '10.4.8.6', NULL, 53227, '10.4.8.6', '2013-07-09 17:20'),
(681, '10.4.8.6', NULL, 53236, '10.4.8.6', '2013-07-09 17:29'),
(682, '10.4.8.6', NULL, 53239, '10.4.8.6', '2013-07-09 17:32'),
(683, '10.4.8.6', NULL, 53242, '10.4.8.6', '2013-07-09 17:33'),
(684, '10.4.8.6', NULL, 33580, '10.4.8.6', '2013-07-09 17:56'),
(685, '10.4.8.6', NULL, 53278, '10.4.8.6', '2013-07-09 17:08'),
(686, '10.4.8.6', NULL, 53288, '10.4.8.6', '2013-07-09 17:20'),
(687, '10.4.8.6', NULL, 53309, '10.4.8.6', '2013-07-09 17:30'),
(688, '10.4.8.6', NULL, 53312, '10.4.8.6', '2013-07-09 17:37'),
(689, '10.4.8.6', NULL, 53348, '10.4.8.6', '2013-07-09 17:00'),
(690, '10.4.8.6', NULL, 53363, '10.4.8.6', '2013-07-09 17:04'),
(691, '10.4.8.6', NULL, 53386, '10.4.8.6', '2013-07-09 17:48'),
(692, '10.4.8.6', NULL, 33717, '10.4.8.6', '2013-07-09 17:55'),
(693, '10.4.8.6', NULL, 33761, '10.4.8.6', '2013-07-09 17:42'),
(694, '10.4.8.6', NULL, 53502, '10.4.8.6', '2013-07-09 17:26'),
(695, '10.4.8.6', NULL, 53633, '10.4.8.6', '2013-07-09 17:01'),
(696, '10.4.8.6', NULL, 33961, '10.4.8.6', '2013-07-09 17:06'),
(697, '10.4.8.6', NULL, 59287, '10.4.8.6', '2013-07-09 19:06'),
(698, '10.4.8.6', NULL, 60384, '10.4.8.6', '2013-07-09 19:07'),
(699, '10.4.8.6', NULL, 33040, '10.4.8.6', '2013-07-09 19:59'),
(700, '10.4.8.6', NULL, 37547, '10.4.8.6', '2013-07-09 21:51'),
(701, '10.4.8.6', NULL, 40661, '10.4.8.6', '2013-07-09 21:19'),
(702, '10.4.8.6', NULL, 38503, '10.4.8.6', '2013-07-09 22:08'),
(703, '10.4.8.6', NULL, 55987, '10.4.8.6', '2013-07-09 23:54'),
(704, '10.4.8.6', NULL, 58149, '10.4.8.6', '2013-07-10 08:22'),
(705, '10.4.8.6', NULL, 42482, '10.4.8.6', '2013-07-10 11:01'),
(706, '10.4.8.6', NULL, 53446, '10.4.8.6', '2013-07-10 11:32'),
(707, '10.4.8.6', NULL, 58744, '10.4.8.6', '2013-07-10 11:40'),
(708, '10.4.8.6', NULL, 60900, '10.4.8.6', '2013-07-10 11:41'),
(709, '10.4.8.6', NULL, 33078, '10.4.8.6', '2013-07-10 12:26'),
(710, '10.4.8.6', NULL, 54299, '10.4.8.6', '2013-07-10 15:02'),
(711, '10.4.8.6', NULL, 54724, '10.4.8.6', '2013-07-10 15:35'),
(712, '10.4.8.6', NULL, 41340, '10.4.8.6', '2013-07-10 15:59'),
(713, '10.4.8.6', NULL, 41510, '10.4.8.6', '2013-07-10 15:07'),
(714, '10.4.8.6', NULL, 47725, '10.4.8.6', '2013-07-10 15:33'),
(715, '10.4.8.6', NULL, 54528, '10.4.8.6', '2013-07-10 15:49'),
(716, '10.4.8.6', NULL, 55474, '10.4.8.6', '2013-07-10 15:52'),
(717, '10.4.8.6', NULL, 58692, '10.4.8.6', '2013-07-10 15:41'),
(718, '10.4.8.6', NULL, 52993, '10.4.8.6', '2013-07-10 15:55'),
(719, '10.4.8.6', NULL, 42178, '10.4.8.6', '2013-07-10 16:06'),
(720, '10.4.8.6', NULL, 57329, '10.4.8.6', '2013-07-10 17:39'),
(721, '10.4.8.6', NULL, 60741, '10.4.8.6', '2013-07-10 17:23'),
(722, '10.4.8.6', NULL, 46679, '10.4.8.6', '2013-07-10 18:19'),
(723, '10.4.8.6', NULL, 40475, '10.4.8.6', '2013-07-10 19:24'),
(724, '10.4.8.6', NULL, 45423, '10.4.8.6', '2013-07-10 20:00'),
(725, '10.4.8.6', NULL, 45443, '10.4.8.6', '2013-07-10 20:09'),
(726, '10.4.8.6', NULL, 45605, '10.4.8.6', '2013-07-10 20:57'),
(727, '10.4.8.6', NULL, 46406, '10.4.8.6', '2013-07-10 20:26'),
(728, '10.4.8.6', NULL, 47060, '10.4.8.6', '2013-07-10 21:52'),
(729, '10.4.8.6', NULL, 47099, '10.4.8.6', '2013-07-10 21:22'),
(730, '10.4.8.6', NULL, 47114, '10.4.8.6', '2013-07-10 21:26'),
(731, '10.4.8.6', NULL, 47131, '10.4.8.6', '2013-07-10 21:36'),
(732, '10.4.8.6', NULL, 47145, '10.4.8.6', '2013-07-10 21:38'),
(733, '10.4.8.6', NULL, 47852, '10.4.8.6', '2013-07-10 21:38'),
(734, '10.4.8.6', NULL, 47877, '10.4.8.6', '2013-07-10 21:48'),
(735, '10.4.8.6', NULL, 48532, '10.4.8.6', '2013-07-10 21:19'),
(736, '10.4.8.6', NULL, 54872, '10.4.8.6', '2013-07-10 21:19'),
(737, '10.4.8.6', NULL, 58324, '10.4.8.6', '2013-07-11 10:13'),
(738, '10.4.8.6', NULL, 46790, '10.4.8.6', '2013-07-11 11:48'),
(739, '10.4.8.6', NULL, 46956, '10.4.8.6', '2013-07-11 11:09'),
(740, '10.4.8.6', NULL, 56209, '10.4.8.6', '2013-07-11 13:14'),
(741, '10.4.8.6', NULL, 51744, '10.4.8.6', '2013-07-11 16:58'),
(742, '10.4.8.6', NULL, 53505, '10.4.8.6', '2013-07-11 17:49'),
(743, '10.4.8.6', NULL, 47252, '10.4.8.6', '2013-07-11 17:12'),
(744, '10.4.8.6', NULL, 54101, '10.4.8.6', '2013-07-11 17:48'),
(745, '10.4.8.6', NULL, 54629, '10.4.8.6', '2013-07-11 17:49'),
(746, '10.4.8.6', NULL, 56011, '10.4.8.6', '2013-07-11 17:14'),
(747, '10.4.8.6', NULL, 49944, '10.4.8.6', '2013-07-11 17:31'),
(748, '10.4.8.6', NULL, 34119, '10.4.8.6', '2013-07-11 18:01'),
(749, '10.4.8.6', NULL, 38794, '10.4.8.6', '2013-07-11 19:31'),
(750, '10.4.8.6', NULL, 47207, '10.4.8.6', '2013-07-11 21:26');
INSERT INTO `visitor` (`id`, `ip`, `user`, `port`, `host`, `time`) VALUES
(751, '10.4.8.6', NULL, 51475, '10.4.8.6', '2013-07-11 22:37'),
(752, '10.4.8.6', NULL, 53490, '10.4.8.6', '2013-07-11 22:01'),
(753, '10.4.8.6', NULL, 57754, '10.4.8.6', '2013-07-12 10:34'),
(754, '10.4.8.6', NULL, 34044, '10.4.8.6', '2013-07-12 11:20'),
(755, '10.4.8.6', NULL, 35978, '10.4.8.6', '2013-07-12 11:14'),
(756, '10.4.8.6', NULL, 36887, '10.4.8.6', '2013-07-12 11:40'),
(757, '10.4.8.6', NULL, 36897, '10.4.8.6', '2013-07-12 11:41'),
(758, '10.4.8.6', NULL, 38649, '10.4.8.6', '2013-07-12 11:44'),
(759, '10.4.8.6', NULL, 40505, '10.4.8.6', '2013-07-12 12:08'),
(760, '10.4.8.6', NULL, 53562, '10.4.8.6', '2013-07-12 14:07'),
(761, '10.4.8.6', NULL, 34830, '10.4.8.6', '2013-07-12 16:55'),
(762, '10.4.8.6', NULL, 37936, '10.4.8.6', '2013-07-12 17:08'),
(763, '10.4.8.6', NULL, 50276, '10.4.8.6', '2013-07-12 18:47'),
(764, '10.4.8.6', NULL, 44865, '10.4.8.6', '2013-07-12 19:51'),
(765, '10.4.8.6', NULL, 46208, '10.4.8.6', '2013-07-12 22:19'),
(766, '10.4.8.6', NULL, 46213, '10.4.8.6', '2013-07-12 22:19'),
(767, '10.4.8.6', NULL, 37086, '10.4.8.6', '2013-07-12 23:33'),
(768, '10.4.8.6', NULL, 39705, '10.4.8.6', '2013-07-13 07:49'),
(769, '10.4.8.6', NULL, 39201, '10.4.8.6', '2013-07-13 09:34'),
(770, '10.4.8.6', NULL, 35854, '10.4.8.6', '2013-07-13 10:11'),
(771, '10.4.8.6', NULL, 47935, '10.4.8.6', '2013-07-13 10:13'),
(772, '10.4.8.6', NULL, 55733, '10.4.8.6', '2013-07-13 10:09'),
(773, '10.4.8.6', NULL, 52069, '10.4.8.6', '2013-07-13 10:16'),
(774, '10.4.8.6', NULL, 58407, '10.4.8.6', '2013-07-13 10:17'),
(775, '10.4.8.6', NULL, 60063, '10.4.8.6', '2013-07-13 11:40'),
(776, '10.4.8.6', NULL, 33118, '10.4.8.6', '2013-07-13 11:16'),
(777, '10.4.8.6', NULL, 44505, '10.4.8.6', '2013-07-13 14:42'),
(778, '10.4.8.6', NULL, 44786, '10.4.8.6', '2013-07-13 14:10'),
(779, '10.4.8.6', NULL, 45091, '10.4.8.6', '2013-07-13 14:59'),
(780, '10.4.8.6', NULL, 38728, '10.4.8.6', '2013-07-13 15:56'),
(781, '10.4.8.6', NULL, 47686, '10.4.8.6', '2013-07-13 16:11'),
(782, '10.4.8.6', NULL, 35997, '10.4.8.6', '2013-07-13 16:56'),
(783, '10.4.8.6', NULL, 42718, '10.4.8.6', '2013-07-13 17:18'),
(784, '10.4.8.6', NULL, 42730, '10.4.8.6', '2013-07-13 17:20'),
(785, '10.4.8.6', NULL, 59219, '10.4.8.6', '2013-07-14 13:32'),
(786, '10.4.8.6', NULL, 59830, '10.4.8.6', '2013-07-14 13:13'),
(787, '10.4.8.6', NULL, 60088, '10.4.8.6', '2013-07-14 13:00'),
(788, '10.4.8.6', NULL, 53274, '10.4.8.6', '2013-07-14 15:29'),
(789, '10.4.8.6', NULL, 58308, '10.4.8.6', '2013-07-14 17:42'),
(790, '10.4.8.6', NULL, 58361, '10.4.8.6', '2013-07-14 17:29'),
(791, '10.4.8.6', NULL, 60737, '10.4.8.6', '2013-07-14 18:53'),
(792, '10.4.8.6', NULL, 60997, '10.4.8.6', '2013-07-14 18:57'),
(793, '10.4.8.6', NULL, 33086, '10.4.8.6', '2013-07-14 18:30'),
(794, '10.4.8.6', NULL, 33289, '10.4.8.6', '2013-07-14 18:32'),
(795, '10.4.8.6', NULL, 33311, '10.4.8.6', '2013-07-14 18:01'),
(796, '10.4.8.6', NULL, 33324, '10.4.8.6', '2013-07-14 18:02'),
(797, '10.4.8.6', NULL, 33337, '10.4.8.6', '2013-07-14 18:05'),
(798, '10.4.8.6', NULL, 33523, '10.4.8.6', '2013-07-14 18:10'),
(799, '10.4.8.6', NULL, 33538, '10.4.8.6', '2013-07-14 18:23'),
(800, '10.4.8.6', NULL, 33554, '10.4.8.6', '2013-07-14 18:37'),
(801, '10.4.8.6', NULL, 33565, '10.4.8.6', '2013-07-14 18:39'),
(802, '10.4.8.6', NULL, 33578, '10.4.8.6', '2013-07-14 18:39'),
(803, '10.4.8.6', NULL, 33586, '10.4.8.6', '2013-07-14 18:40'),
(804, '10.4.8.6', NULL, 33608, '10.4.8.6', '2013-07-14 18:44'),
(805, '10.4.8.6', NULL, 33734, '10.4.8.6', '2013-07-14 18:54'),
(806, '10.4.8.6', NULL, 33940, '10.4.8.6', '2013-07-14 18:13'),
(807, '10.4.8.6', NULL, 36429, '10.4.8.6', '2013-07-14 19:22'),
(808, '10.4.8.6', NULL, 51443, '10.4.8.6', '2013-07-15 10:58'),
(809, '10.4.8.6', NULL, 51456, '10.4.8.6', '2013-07-15 10:00'),
(810, '10.4.8.6', NULL, 51561, '10.4.8.6', '2013-07-15 10:32'),
(811, '10.4.8.6', NULL, 51773, '10.4.8.6', '2013-07-15 10:19'),
(812, '10.4.8.6', NULL, 52660, '10.4.8.6', '2013-07-15 10:55'),
(813, '10.4.8.6', NULL, 57461, '10.4.8.6', '2013-07-15 11:54'),
(814, '10.4.8.6', NULL, 57202, '10.4.8.6', '2013-07-15 19:58'),
(815, '10.4.8.6', NULL, 58471, '10.4.8.6', '2013-07-15 20:27'),
(816, '10.4.8.6', NULL, 52855, '10.4.8.6', '2013-07-15 20:08'),
(817, '10.4.8.6', NULL, 53063, '10.4.8.6', '2013-07-15 20:05'),
(818, '10.4.8.6', NULL, 53085, '10.4.8.6', '2013-07-15 20:08'),
(819, '10.4.8.6', NULL, 53138, '10.4.8.6', '2013-07-15 20:52'),
(820, '10.4.8.6', NULL, 53175, '10.4.8.6', '2013-07-15 20:18'),
(821, '10.4.8.6', NULL, 53187, '10.4.8.6', '2013-07-15 20:31'),
(822, '10.4.8.6', NULL, 53279, '10.4.8.6', '2013-07-15 20:38'),
(823, '10.4.8.6', NULL, 53343, '10.4.8.6', '2013-07-15 20:17'),
(824, '10.4.8.6', NULL, 53353, '10.4.8.6', '2013-07-15 20:33'),
(825, '10.4.8.6', NULL, 53433, '10.4.8.6', '2013-07-15 20:31'),
(826, '10.4.8.6', NULL, 53542, '10.4.8.6', '2013-07-15 20:15'),
(827, '10.4.8.6', NULL, 33878, '10.4.8.6', '2013-07-15 21:34'),
(828, '10.4.8.6', NULL, 55289, '10.4.8.6', '2013-07-16 04:31'),
(829, '10.4.8.6', NULL, 40596, '10.4.8.6', '2013-07-16 19:08'),
(830, '10.4.8.6', NULL, 43790, '10.4.8.6', '2013-07-16 20:44'),
(831, '10.4.8.6', NULL, 42780, '10.4.8.6', '2013-07-17 02:28'),
(832, '10.4.8.6', NULL, 58717, '10.4.8.6', '2013-07-17 09:59'),
(833, '10.4.8.6', NULL, 58720, '10.4.8.6', '2013-07-17 09:59'),
(834, '10.4.8.6', NULL, 35578, '10.4.8.6', '2013-07-17 10:29'),
(835, '10.4.8.6', NULL, 43122, '10.4.8.6', '2013-07-17 10:20'),
(836, '10.4.8.6', NULL, 37559, '10.4.8.6', '2013-07-17 18:51'),
(837, '10.4.8.6', NULL, 51245, '10.4.8.6', '2013-07-18 08:36'),
(838, '10.4.8.6', NULL, 35809, '10.4.8.6', '2013-07-18 10:08'),
(839, '10.4.8.6', NULL, 36416, '10.4.8.6', '2013-07-18 10:22'),
(840, '10.4.8.6', NULL, 37177, '10.4.8.6', '2013-07-18 10:31'),
(841, '10.4.8.6', NULL, 34268, '10.4.8.6', '2013-07-18 13:27'),
(842, '10.4.8.6', NULL, 37537, '10.4.8.6', '2013-07-18 14:15'),
(843, '10.4.8.6', NULL, 47750, '10.4.8.6', '2013-07-18 15:50'),
(844, '10.4.8.6', NULL, 51080, '10.4.8.6', '2013-07-18 16:34'),
(845, '10.4.8.6', NULL, 53094, '10.4.8.6', '2013-07-18 22:37'),
(846, '10.4.8.6', NULL, 53183, '10.4.8.6', '2013-07-18 22:00'),
(847, '10.4.8.6', NULL, 53302, '10.4.8.6', '2013-07-18 22:11'),
(848, '10.4.8.6', NULL, 43801, '10.4.8.6', '2013-07-19 11:47'),
(849, '10.4.8.6', NULL, 43611, '10.4.8.6', '2013-07-20 17:11'),
(850, '10.4.8.6', NULL, 56531, '10.4.8.6', '2013-07-21 09:49'),
(851, '10.4.8.6', NULL, 52765, '10.4.8.6', '2013-07-21 10:49'),
(852, '10.4.8.6', NULL, 59108, '10.4.8.6', '2013-07-21 10:49'),
(853, '10.4.8.6', NULL, 46063, '10.4.8.6', '2013-07-21 12:36'),
(854, '10.4.8.6', NULL, 39762, '10.4.8.6', '2013-07-21 12:48'),
(855, '10.4.8.6', NULL, 46632, '10.4.8.6', '2013-07-21 12:25'),
(856, '10.4.8.6', NULL, 41880, '10.4.8.6', '2013-07-21 12:41'),
(857, '10.4.8.6', NULL, 44306, '10.4.8.6', '2013-07-21 12:22'),
(858, '10.4.8.6', NULL, 59351, '10.4.8.6', '2013-07-21 14:55'),
(859, '10.4.8.6', NULL, 56978, '10.4.8.6', '2013-07-21 23:34'),
(860, '10.4.8.6', NULL, 43358, '10.4.8.6', '2013-07-22 14:55'),
(861, '10.4.8.6', NULL, 42791, '10.4.8.6', '2013-07-22 14:31'),
(862, '10.4.8.6', NULL, 34223, '10.4.8.6', '2013-07-22 16:42'),
(863, '10.4.8.6', NULL, 39439, '10.4.8.6', '2013-07-23 15:18'),
(864, '10.4.8.6', NULL, 55244, '10.4.8.6', '2013-07-23 19:40'),
(865, '10.4.8.6', NULL, 57389, '10.4.8.6', '2013-07-23 20:25'),
(866, '10.4.8.6', NULL, 40051, '10.4.8.6', '2013-07-23 21:21'),
(867, '10.4.8.6', NULL, 40720, '10.4.8.6', '2013-07-23 21:21'),
(868, '10.4.8.6', NULL, 41595, '10.4.8.6', '2013-07-23 21:56'),
(869, '10.4.8.6', NULL, 52255, '10.4.8.6', '2013-07-23 23:21'),
(870, '10.4.8.6', NULL, 44991, '10.4.8.6', '2013-07-25 19:54'),
(871, '10.4.8.6', NULL, 57867, '10.4.8.6', '2013-07-25 21:08'),
(872, '10.4.8.6', NULL, 57953, '10.4.8.6', '2013-07-25 21:28'),
(873, '10.4.8.6', NULL, 33641, '10.4.8.6', '2013-07-26 18:09'),
(874, '10.4.8.6', NULL, 34485, '10.4.8.6', '2013-07-26 18:25'),
(875, '10.4.8.6', NULL, 34587, '10.4.8.6', '2013-07-26 18:30'),
(876, '10.4.8.6', NULL, 56526, '10.4.8.6', '2013-07-26 18:29'),
(877, '10.4.8.6', NULL, 58006, '10.4.8.6', '2013-07-26 18:00'),
(878, '10.4.8.6', NULL, 36043, '10.4.8.6', '2013-07-26 20:14'),
(879, '10.4.8.6', NULL, 47839, '10.4.8.6', '2013-07-26 21:02'),
(880, '10.4.8.6', NULL, 43748, '10.4.8.6', '2013-07-26 21:13'),
(881, '10.4.8.6', NULL, 50101, '10.4.8.6', '2013-07-26 21:14'),
(882, '10.4.8.6', NULL, 50166, '10.4.8.6', '2013-07-26 21:59'),
(883, '10.4.8.6', NULL, 41727, '10.4.8.6', '2013-07-27 14:15'),
(884, '10.4.8.6', NULL, 48710, '10.4.8.6', '2013-07-27 15:48'),
(885, '10.4.8.6', NULL, 55336, '10.4.8.6', '2013-07-27 15:28'),
(886, '10.4.8.6', NULL, 54505, '10.4.8.6', '2013-07-27 15:31'),
(887, '10.4.8.6', NULL, 56046, '10.4.8.6', '2013-07-27 15:17'),
(888, '10.4.8.6', NULL, 53197, '10.4.8.6', '2013-07-27 16:05'),
(889, '10.4.8.6', NULL, 53370, '10.4.8.6', '2013-07-27 16:33'),
(890, '10.4.8.6', NULL, 38914, '10.4.8.6', '2013-07-27 18:04'),
(891, '10.4.8.6', NULL, 40652, '10.4.8.6', '2013-07-27 18:01'),
(892, '10.4.8.6', NULL, 60347, '10.4.8.6', '2013-07-27 21:52'),
(893, '10.4.8.6', NULL, 46364, '10.4.8.6', '2013-07-28 09:30'),
(894, '10.4.8.6', NULL, 52778, '10.4.8.6', '2013-07-28 09:37'),
(895, '10.4.8.6', NULL, 53845, '10.4.8.6', '2013-07-28 09:16'),
(896, '10.4.8.6', NULL, 54635, '10.4.8.6', '2013-07-28 09:06'),
(897, '10.4.8.6', NULL, 54954, '10.4.8.6', '2013-07-28 09:50'),
(898, '10.4.8.6', NULL, 55679, '10.4.8.6', '2013-07-28 09:32'),
(899, '10.4.8.6', NULL, 59474, '10.4.8.6', '2013-07-28 09:34'),
(900, '10.4.8.6', NULL, 32808, '10.4.8.6', '2013-07-28 10:13'),
(901, '10.4.8.6', NULL, 37113, '10.4.8.6', '2013-07-28 13:35'),
(902, '10.4.8.6', NULL, 37484, '10.4.8.6', '2013-07-28 13:13'),
(903, '10.4.8.6', NULL, 59986, '10.4.8.6', '2013-07-28 13:39'),
(904, '10.4.8.6', NULL, 60226, '10.4.8.6', '2013-07-28 14:42'),
(905, '10.4.8.6', NULL, 54268, '10.4.8.6', '2013-07-28 14:35'),
(906, '10.4.8.6', NULL, 45388, '10.4.8.6', '2013-07-28 17:50'),
(907, '10.4.8.6', NULL, 43997, '10.4.8.6', '2013-07-29 11:47'),
(908, '10.4.8.6', NULL, 50786, '10.4.8.6', '2013-07-29 13:21'),
(909, '10.4.8.6', NULL, 54113, '10.4.8.6', '2013-07-29 13:00'),
(910, '10.4.8.6', NULL, 48693, '10.4.8.6', '2013-07-29 15:59'),
(911, '10.4.8.6', NULL, 42594, '10.4.8.6', '2013-07-29 15:31'),
(912, '10.4.8.6', NULL, 57053, '10.4.8.6', '2013-07-29 15:58'),
(913, '10.4.8.6', NULL, 58537, '10.4.8.6', '2013-07-29 16:22'),
(914, '10.4.8.6', NULL, 58257, '10.4.8.6', '2013-07-29 18:23'),
(915, '10.4.8.6', NULL, 60314, '10.4.8.6', '2013-07-29 18:08'),
(916, '10.4.8.6', NULL, 33895, '10.4.8.6', '2013-07-29 18:24'),
(917, '10.4.8.6', NULL, 33894, '10.4.8.6', '2013-07-29 18:24'),
(918, '10.4.8.6', NULL, 34012, '10.4.8.6', '2013-07-29 18:39'),
(919, '10.4.8.6', NULL, 40397, '10.4.8.6', '2013-07-29 18:46'),
(920, '10.4.8.6', NULL, 34634, '10.4.8.6', '2013-07-29 18:09'),
(921, '10.4.8.6', NULL, 36481, '10.4.8.6', '2013-07-29 18:12'),
(922, '10.4.8.6', NULL, 47090, '10.4.8.6', '2013-07-29 18:17'),
(923, '10.4.8.6', NULL, 37940, '10.4.8.6', '2013-07-29 19:33'),
(924, '10.4.8.6', NULL, 38803, '10.4.8.6', '2013-07-29 20:36'),
(925, '10.4.8.6', NULL, 43318, '10.4.8.6', '2013-07-29 21:08'),
(926, '10.4.8.6', NULL, 44659, '10.4.8.6', '2013-07-29 21:20'),
(927, '10.4.8.6', NULL, 56482, '10.4.8.6', '2013-07-30 10:38'),
(928, '10.4.8.6', NULL, 48103, '10.4.8.6', '2013-07-30 13:22'),
(929, '10.4.8.6', NULL, 58462, '10.4.8.6', '2013-07-30 14:52'),
(930, '10.4.8.6', NULL, 52441, '10.4.8.6', '2013-07-30 16:44'),
(931, '10.4.8.6', NULL, 54336, '10.4.8.6', '2013-07-30 16:20'),
(932, '10.4.8.6', NULL, 52704, '10.4.8.6', '2013-07-31 09:07'),
(933, '10.4.8.6', NULL, 52736, '10.4.8.6', '2013-07-31 09:13'),
(934, '10.4.8.6', NULL, 34134, '10.4.8.6', '2013-07-31 14:13'),
(935, '10.4.8.6', NULL, 38495, '10.4.8.6', '2013-08-01 15:06'),
(936, '10.4.8.6', NULL, 39743, '10.4.8.6', '2013-08-02 16:19'),
(937, '10.4.8.6', NULL, 53199, '10.4.8.6', '2013-08-05 11:23'),
(938, '10.4.8.6', NULL, 36001, '10.4.8.6', '2013-08-05 14:50'),
(939, '10.4.8.6', NULL, 59684, '10.4.8.6', '2013-08-05 18:14'),
(940, '10.4.8.6', NULL, 52178, '10.4.8.6', '2013-08-05 18:11'),
(941, '10.4.8.6', NULL, 33726, '10.4.8.6', '2013-08-05 20:16'),
(942, '10.4.8.6', NULL, 45354, '10.4.8.6', '2013-08-06 09:01'),
(943, '10.4.8.6', NULL, 32870, '10.4.8.6', '2013-08-06 10:34'),
(944, '10.4.8.6', NULL, 58163, '10.4.8.6', '2013-08-06 17:25'),
(945, '10.4.8.6', NULL, 58229, '10.4.8.6', '2013-08-06 17:37'),
(946, '10.4.8.6', NULL, 60195, '10.4.8.6', '2013-08-06 17:04'),
(947, '10.4.8.6', NULL, 52158, '10.4.8.6', '2013-08-06 21:46'),
(948, '10.4.8.6', NULL, 55875, '10.4.8.6', '2013-08-06 22:27'),
(949, '10.4.8.6', NULL, 60843, '10.4.8.6', '2013-08-06 22:06'),
(950, '10.4.8.6', NULL, 36304, '10.4.8.6', '2013-08-07 17:09'),
(951, '10.4.8.6', NULL, 47436, '10.4.8.6', '2013-08-07 18:37'),
(952, '10.4.8.6', NULL, 59486, '10.4.8.6', '2013-08-07 18:05'),
(953, '10.4.8.6', NULL, 60323, '10.4.8.6', '2013-08-07 18:01'),
(954, '10.4.8.6', NULL, 34463, '10.4.8.6', '2013-08-07 20:49'),
(955, '10.4.8.6', NULL, 34817, '10.4.8.6', '2013-08-07 20:21'),
(956, '10.4.8.6', NULL, 33513, '10.4.8.6', '2013-08-08 14:11'),
(957, '10.4.8.6', NULL, 60444, '10.4.8.6', '2013-08-08 20:40'),
(958, '10.4.8.6', NULL, 43233, '10.4.8.6', '2013-08-08 23:28'),
(959, '10.4.8.6', NULL, 36118, '10.4.8.6', '2013-08-09 04:31'),
(960, '10.4.8.6', NULL, 58770, '10.4.8.6', '2013-08-09 18:20'),
(961, '10.4.8.6', NULL, 56313, '10.4.8.6', '2013-08-09 18:52'),
(962, '10.4.8.6', NULL, 56331, '10.4.8.6', '2013-08-09 18:06'),
(963, '10.4.8.6', NULL, 56350, '10.4.8.6', '2013-08-09 18:20'),
(964, '10.4.8.6', NULL, 53754, '10.4.8.6', '2013-08-10 17:05'),
(965, '10.4.8.6', NULL, 45837, '10.4.8.6', '2013-08-11 03:44'),
(966, '10.4.8.6', NULL, 45639, '10.4.8.6', '2013-08-11 10:11'),
(967, '10.4.8.6', NULL, 47688, '10.4.8.6', '2013-08-11 10:56'),
(968, '10.4.8.6', NULL, 47824, '10.4.8.6', '2013-08-11 10:38'),
(969, '10.4.8.6', NULL, 49315, '10.4.8.6', '2013-08-11 12:15'),
(970, '10.4.8.6', NULL, 56219, '10.4.8.6', '2013-08-11 12:49'),
(971, '10.4.8.6', NULL, 56319, '10.4.8.6', '2013-08-11 12:32'),
(972, '10.4.8.6', NULL, 49983, '10.4.8.6', '2013-08-11 12:32'),
(973, '10.4.8.6', NULL, 56333, '10.4.8.6', '2013-08-11 12:37'),
(974, '10.4.8.6', NULL, 50008, '10.4.8.6', '2013-08-11 12:39'),
(975, '10.4.8.6', NULL, 50034, '10.4.8.6', '2013-08-11 12:42'),
(976, '10.4.8.6', NULL, 50036, '10.4.8.6', '2013-08-11 12:42'),
(977, '10.4.8.6', NULL, 51320, '10.4.8.6', '2013-08-11 12:49'),
(978, '10.4.8.6', NULL, 51814, '10.4.8.6', '2013-08-11 12:28'),
(979, '10.4.8.6', NULL, 52209, '10.4.8.6', '2013-08-11 12:51'),
(980, '10.4.8.6', NULL, 53079, '10.4.8.6', '2013-08-11 12:15'),
(981, '10.4.8.6', NULL, 53156, '10.4.8.6', '2013-08-11 12:32'),
(982, '10.4.8.6', NULL, 53522, '10.4.8.6', '2013-08-11 12:47'),
(983, '10.4.8.6', NULL, 53576, '10.4.8.6', '2013-08-11 12:14'),
(984, '10.4.8.6', NULL, 53582, '10.4.8.6', '2013-08-11 12:20'),
(985, '10.4.8.6', NULL, 59961, '10.4.8.6', '2013-08-11 12:55'),
(986, '10.4.8.6', NULL, 53895, '10.4.8.6', '2013-08-11 13:17'),
(987, '10.4.8.6', NULL, 53902, '10.4.8.6', '2013-08-11 13:22'),
(988, '10.4.8.6', NULL, 53912, '10.4.8.6', '2013-08-11 13:28'),
(989, '10.4.8.6', NULL, 53942, '10.4.8.6', '2013-08-11 13:45'),
(990, '10.4.8.6', NULL, 54248, '10.4.8.6', '2013-08-11 13:07'),
(991, '10.4.8.6', NULL, 54267, '10.4.8.6', '2013-08-11 13:13'),
(992, '10.4.8.6', NULL, 46115, '10.4.8.6', '2013-08-11 15:26'),
(993, '10.4.8.6', NULL, 54105, '10.4.8.6', '2013-08-11 17:33'),
(994, '10.4.8.6', NULL, 54256, '10.4.8.6', '2013-08-11 17:00'),
(995, '10.4.8.6', NULL, 54340, '10.4.8.6', '2013-08-11 17:28'),
(996, '10.4.8.6', NULL, 54376, '10.4.8.6', '2013-08-11 17:48'),
(997, '10.4.8.6', NULL, 54450, '10.4.8.6', '2013-08-11 17:30'),
(998, '10.4.8.6', NULL, 55052, '10.4.8.6', '2013-08-11 17:36'),
(999, '10.4.8.6', NULL, 48166, '10.4.8.6', '2013-08-11 19:31'),
(1000, '10.4.8.6', NULL, 48475, '10.4.8.6', '2013-08-11 19:31'),
(1001, '10.4.8.6', NULL, 48486, '10.4.8.6', '2013-08-11 19:36'),
(1002, '10.4.8.6', NULL, 48528, '10.4.8.6', '2013-08-11 19:52'),
(1003, '10.4.8.6', NULL, 49162, '10.4.8.6', '2013-08-11 19:42'),
(1004, '10.4.8.6', NULL, 49172, '10.4.8.6', '2013-08-11 19:43'),
(1005, '10.4.8.6', NULL, 49722, '10.4.8.6', '2013-08-11 19:02'),
(1006, '10.4.8.6', NULL, 51335, '10.4.8.6', '2013-08-11 19:35'),
(1007, '10.4.8.6', NULL, 51459, '10.4.8.6', '2013-08-11 19:03'),
(1008, '10.4.8.6', NULL, 53805, '10.4.8.6', '2013-08-11 20:47'),
(1009, '10.4.8.6', NULL, 55346, '10.4.8.6', '2013-08-11 20:32'),
(1010, '10.4.8.6', NULL, 55519, '10.4.8.6', '2013-08-11 20:44'),
(1011, '10.4.8.6', NULL, 55839, '10.4.8.6', '2013-08-11 20:51'),
(1012, '10.4.8.6', NULL, 55855, '10.4.8.6', '2013-08-11 20:02'),
(1013, '10.4.8.6', NULL, 55901, '10.4.8.6', '2013-08-11 20:46'),
(1014, '10.4.8.6', NULL, 55917, '10.4.8.6', '2013-08-11 20:52'),
(1015, '10.4.8.6', NULL, 55977, '10.4.8.6', '2013-08-11 20:44'),
(1016, '10.4.8.6', NULL, 55999, '10.4.8.6', '2013-08-11 20:48'),
(1017, '10.4.8.6', NULL, 56019, '10.4.8.6', '2013-08-11 20:58'),
(1018, '10.4.8.6', NULL, 56269, '10.4.8.6', '2013-08-11 20:02'),
(1019, '10.4.8.6', NULL, 56296, '10.4.8.6', '2013-08-11 20:13'),
(1020, '10.4.8.6', NULL, 56369, '10.4.8.6', '2013-08-11 20:20'),
(1021, '10.4.8.6', NULL, 56459, '10.4.8.6', '2013-08-11 20:11'),
(1022, '10.4.8.6', NULL, 56537, '10.4.8.6', '2013-08-11 20:53'),
(1023, '10.4.8.6', NULL, 44468, '10.4.8.6', '2013-08-11 23:25'),
(1024, '10.4.8.6', NULL, 48758, '10.4.8.6', '2013-08-12 08:59'),
(1025, '10.4.8.6', NULL, 53359, '10.4.8.6', '2013-08-12 09:48'),
(1026, '10.4.8.6', NULL, 57874, '10.4.8.6', '2013-08-12 09:47'),
(1027, '10.4.8.6', NULL, 57929, '10.4.8.6', '2013-08-12 09:29'),
(1028, '10.4.8.6', NULL, 57938, '10.4.8.6', '2013-08-12 09:31'),
(1029, '10.4.8.6', NULL, 58296, '10.4.8.6', '2013-08-12 09:43'),
(1030, '10.4.8.6', NULL, 58379, '10.4.8.6', '2013-08-12 09:40'),
(1031, '10.4.8.6', NULL, 58429, '10.4.8.6', '2013-08-12 09:21'),
(1032, '10.4.8.6', NULL, 58780, '10.4.8.6', '2013-08-12 09:02'),
(1033, '10.4.8.6', NULL, 58889, '10.4.8.6', '2013-08-12 09:05'),
(1034, '10.4.8.6', NULL, 42271, '10.4.8.6', '2013-08-12 10:51'),
(1035, '10.4.8.6', NULL, 42818, '10.4.8.6', '2013-08-12 10:58'),
(1036, '10.4.8.6', NULL, 44857, '10.4.8.6', '2013-08-12 10:57'),
(1037, '10.4.8.6', NULL, 45092, '10.4.8.6', '2013-08-12 12:11'),
(1038, '10.4.8.6', NULL, 45428, '10.4.8.6', '2013-08-12 12:06'),
(1039, '10.4.8.6', NULL, 53470, '10.4.8.6', '2013-08-12 13:33'),
(1040, '10.4.8.6', NULL, 55931, '10.4.8.6', '2013-08-12 14:25'),
(1041, '10.4.8.6', NULL, 38497, '10.4.8.6', '2013-08-12 16:11'),
(1042, '10.4.8.6', NULL, 46478, '10.4.8.6', '2013-08-12 21:01'),
(1043, '10.4.8.6', NULL, 46777, '10.4.8.6', '2013-08-12 21:47'),
(1044, '10.4.8.6', NULL, 47201, '10.4.8.6', '2013-08-12 22:13'),
(1045, '10.4.8.6', NULL, 52371, '10.4.8.6', '2013-08-12 23:32'),
(1046, '10.4.8.6', NULL, 58034, '10.4.8.6', '2013-08-13 00:05'),
(1047, '10.4.8.6', NULL, 37456, '10.4.8.6', '2013-08-13 08:05'),
(1048, '10.4.8.6', NULL, 44578, '10.4.8.6', '2013-08-13 09:09'),
(1049, '10.4.8.6', NULL, 55933, '10.4.8.6', '2013-08-13 10:53'),
(1050, '10.4.8.6', NULL, 55974, '10.4.8.6', '2013-08-13 10:00'),
(1051, '10.4.8.6', NULL, 55983, '10.4.8.6', '2013-08-13 10:06'),
(1052, '10.4.8.6', NULL, 56446, '10.4.8.6', '2013-08-13 10:14'),
(1053, '10.4.8.6', NULL, 56918, '10.4.8.6', '2013-08-13 10:24'),
(1054, '10.4.8.6', NULL, 34723, '10.4.8.6', '2013-08-13 10:14'),
(1055, '10.4.8.6', NULL, 39726, '10.4.8.6', '2013-08-13 11:20'),
(1056, '10.4.8.6', NULL, 40234, '10.4.8.6', '2013-08-13 11:54'),
(1057, '10.4.8.6', NULL, 40459, '10.4.8.6', '2013-08-13 11:17'),
(1058, '10.4.8.6', NULL, 54570, '10.4.8.6', '2013-08-13 12:21'),
(1059, '10.4.8.6', NULL, 54620, '10.4.8.6', '2013-08-13 12:40'),
(1060, '10.4.8.6', NULL, 57349, '10.4.8.6', '2013-08-13 12:23'),
(1061, '10.4.8.6', NULL, 60267, '10.4.8.6', '2013-08-13 13:49'),
(1062, '10.4.8.6', NULL, 37228, '10.4.8.6', '2013-08-13 13:15'),
(1063, '10.4.8.6', NULL, 37298, '10.4.8.6', '2013-08-13 13:33'),
(1064, '10.4.8.6', NULL, 37348, '10.4.8.6', '2013-08-13 13:52'),
(1065, '10.4.8.6', NULL, 37359, '10.4.8.6', '2013-08-13 13:01'),
(1066, '10.4.8.6', NULL, 40506, '10.4.8.6', '2013-08-13 14:36'),
(1067, '10.4.8.6', NULL, 40738, '10.4.8.6', '2013-08-13 14:17'),
(1068, '10.4.8.6', NULL, 40801, '10.4.8.6', '2013-08-13 14:19'),
(1069, '10.4.8.6', NULL, 43895, '10.4.8.6', '2013-08-13 14:15'),
(1070, '10.4.8.6', NULL, 42825, '10.4.8.6', '2013-08-13 17:09'),
(1071, '10.4.8.6', NULL, 47766, '10.4.8.6', '2013-08-13 17:53'),
(1072, '10.4.8.6', NULL, 50032, '10.4.8.6', '2013-08-13 18:06'),
(1073, '10.4.8.6', NULL, 56118, '10.4.8.6', '2013-08-13 19:49'),
(1074, '10.4.8.6', NULL, 38316, '10.4.8.6', '2013-08-13 21:10'),
(1075, '10.4.8.6', NULL, 38536, '10.4.8.6', '2013-08-13 21:14'),
(1076, '10.4.8.6', NULL, 44426, '10.4.8.6', '2013-08-13 22:26'),
(1077, '10.4.8.6', NULL, 44471, '10.4.8.6', '2013-08-13 22:38'),
(1078, '10.4.8.6', NULL, 44618, '10.4.8.6', '2013-08-13 22:00'),
(1079, '10.4.8.6', NULL, 44866, '10.4.8.6', '2013-08-13 22:03'),
(1080, '10.4.8.6', NULL, 46451, '10.4.8.6', '2013-08-13 23:37'),
(1081, '10.4.8.6', NULL, 46898, '10.4.8.6', '2013-08-13 23:54'),
(1082, '10.4.8.6', NULL, 46952, '10.4.8.6', '2013-08-13 23:26'),
(1083, '10.4.8.6', NULL, 47211, '10.4.8.6', '2013-08-13 23:16'),
(1084, '10.4.8.6', NULL, 47257, '10.4.8.6', '2013-08-13 23:10'),
(1085, '10.4.8.6', NULL, 55678, '10.4.8.6', '2013-08-14 08:31'),
(1086, '10.4.8.6', NULL, 60583, '10.4.8.6', '2013-08-14 11:55'),
(1087, '10.4.8.6', NULL, 34025, '10.4.8.6', '2013-08-14 11:22'),
(1088, '10.4.8.6', NULL, 35201, '10.4.8.6', '2013-08-14 11:52'),
(1089, '10.4.8.6', NULL, 38085, '10.4.8.6', '2013-08-14 12:51'),
(1090, '10.4.8.6', NULL, 38170, '10.4.8.6', '2013-08-14 12:49'),
(1091, '10.4.8.6', NULL, 38333, '10.4.8.6', '2013-08-14 12:39'),
(1092, '10.4.8.6', NULL, 38572, '10.4.8.6', '2013-08-14 12:59'),
(1093, '10.4.8.6', NULL, 41425, '10.4.8.6', '2013-08-14 13:24'),
(1094, '10.4.8.6', NULL, 44050, '10.4.8.6', '2013-08-14 13:19'),
(1095, '10.4.8.6', NULL, 45953, '10.4.8.6', '2013-08-14 14:05'),
(1096, '10.4.8.6', NULL, 46355, '10.4.8.6', '2013-08-14 14:33'),
(1097, '10.4.8.6', NULL, 46688, '10.4.8.6', '2013-08-14 14:55'),
(1098, '10.4.8.6', NULL, 46694, '10.4.8.6', '2013-08-14 14:55'),
(1099, '10.4.8.6', NULL, 46696, '10.4.8.6', '2013-08-14 14:55'),
(1100, '10.4.8.6', NULL, 46697, '10.4.8.6', '2013-08-14 14:55'),
(1101, '10.4.8.6', NULL, 46698, '10.4.8.6', '2013-08-14 14:56'),
(1102, '10.4.8.6', NULL, 46699, '10.4.8.6', '2013-08-14 14:56'),
(1103, '10.4.8.6', NULL, 46700, '10.4.8.6', '2013-08-14 14:56'),
(1104, '10.4.8.6', NULL, 46701, '10.4.8.6', '2013-08-14 14:56'),
(1105, '10.4.8.6', NULL, 46702, '10.4.8.6', '2013-08-14 14:56'),
(1106, '10.4.8.6', NULL, 46703, '10.4.8.6', '2013-08-14 14:56'),
(1107, '10.4.8.6', NULL, 46705, '10.4.8.6', '2013-08-14 14:56'),
(1108, '10.4.8.6', NULL, 46706, '10.4.8.6', '2013-08-14 14:56'),
(1109, '10.4.8.6', NULL, 46707, '10.4.8.6', '2013-08-14 14:56'),
(1110, '10.4.8.6', NULL, 46708, '10.4.8.6', '2013-08-14 14:56'),
(1111, '10.4.8.6', NULL, 46709, '10.4.8.6', '2013-08-14 14:56'),
(1112, '10.4.8.6', NULL, 46710, '10.4.8.6', '2013-08-14 14:56'),
(1113, '10.4.8.6', NULL, 46711, '10.4.8.6', '2013-08-14 14:56'),
(1114, '10.4.8.6', NULL, 46712, '10.4.8.6', '2013-08-14 14:56'),
(1115, '10.4.8.6', NULL, 46713, '10.4.8.6', '2013-08-14 14:56'),
(1116, '10.4.8.6', NULL, 46714, '10.4.8.6', '2013-08-14 14:56'),
(1117, '10.4.8.6', NULL, 46715, '10.4.8.6', '2013-08-14 14:56'),
(1118, '10.4.8.6', NULL, 46716, '10.4.8.6', '2013-08-14 14:56'),
(1119, '10.4.8.6', NULL, 46717, '10.4.8.6', '2013-08-14 14:56'),
(1120, '10.4.8.6', NULL, 46718, '10.4.8.6', '2013-08-14 14:56'),
(1121, '10.4.8.6', NULL, 46719, '10.4.8.6', '2013-08-14 14:56'),
(1122, '10.4.8.6', NULL, 46720, '10.4.8.6', '2013-08-14 14:56'),
(1123, '10.4.8.6', NULL, 46721, '10.4.8.6', '2013-08-14 14:56'),
(1124, '10.4.8.6', NULL, 46722, '10.4.8.6', '2013-08-14 14:56'),
(1125, '10.4.8.6', NULL, 46723, '10.4.8.6', '2013-08-14 14:56'),
(1126, '10.4.8.6', NULL, 46724, '10.4.8.6', '2013-08-14 14:56'),
(1127, '10.4.8.6', NULL, 46725, '10.4.8.6', '2013-08-14 14:56'),
(1128, '10.4.8.6', NULL, 46726, '10.4.8.6', '2013-08-14 14:56'),
(1129, '10.4.8.6', NULL, 46728, '10.4.8.6', '2013-08-14 14:56'),
(1130, '10.4.8.6', NULL, 46729, '10.4.8.6', '2013-08-14 14:56'),
(1131, '10.4.8.6', NULL, 46730, '10.4.8.6', '2013-08-14 14:56'),
(1132, '10.4.8.6', NULL, 46731, '10.4.8.6', '2013-08-14 14:56'),
(1133, '10.4.8.6', NULL, 46732, '10.4.8.6', '2013-08-14 14:56'),
(1134, '10.4.8.6', NULL, 46733, '10.4.8.6', '2013-08-14 14:56'),
(1135, '10.4.8.6', NULL, 46734, '10.4.8.6', '2013-08-14 14:56'),
(1136, '10.4.8.6', NULL, 46735, '10.4.8.6', '2013-08-14 14:57'),
(1137, '10.4.8.6', NULL, 46736, '10.4.8.6', '2013-08-14 14:57'),
(1138, '10.4.8.6', NULL, 46737, '10.4.8.6', '2013-08-14 14:57'),
(1139, '10.4.8.6', NULL, 46738, '10.4.8.6', '2013-08-14 14:57'),
(1140, '10.4.8.6', NULL, 46739, '10.4.8.6', '2013-08-14 14:57'),
(1141, '10.4.8.6', NULL, 46740, '10.4.8.6', '2013-08-14 14:57'),
(1142, '10.4.8.6', NULL, 46741, '10.4.8.6', '2013-08-14 14:57'),
(1143, '10.4.8.6', NULL, 46742, '10.4.8.6', '2013-08-14 14:57'),
(1144, '10.4.8.6', NULL, 46743, '10.4.8.6', '2013-08-14 14:57'),
(1145, '10.4.8.6', NULL, 46744, '10.4.8.6', '2013-08-14 14:57'),
(1146, '10.4.8.6', NULL, 46745, '10.4.8.6', '2013-08-14 14:57'),
(1147, '10.4.8.6', NULL, 46746, '10.4.8.6', '2013-08-14 14:57'),
(1148, '10.4.8.6', NULL, 46747, '10.4.8.6', '2013-08-14 14:57'),
(1149, '10.4.8.6', NULL, 46748, '10.4.8.6', '2013-08-14 14:57'),
(1150, '10.4.8.6', NULL, 46749, '10.4.8.6', '2013-08-14 14:57'),
(1151, '10.4.8.6', NULL, 46750, '10.4.8.6', '2013-08-14 14:57'),
(1152, '10.4.8.6', NULL, 46752, '10.4.8.6', '2013-08-14 14:57'),
(1153, '10.4.8.6', NULL, 46753, '10.4.8.6', '2013-08-14 14:57'),
(1154, '10.4.8.6', NULL, 46754, '10.4.8.6', '2013-08-14 14:57'),
(1155, '10.4.8.6', NULL, 46755, '10.4.8.6', '2013-08-14 14:57'),
(1156, '10.4.8.6', NULL, 46756, '10.4.8.6', '2013-08-14 14:57'),
(1157, '10.4.8.6', NULL, 46757, '10.4.8.6', '2013-08-14 14:57'),
(1158, '10.4.8.6', NULL, 46758, '10.4.8.6', '2013-08-14 14:57'),
(1159, '10.4.8.6', NULL, 46759, '10.4.8.6', '2013-08-14 14:57'),
(1160, '10.4.8.6', NULL, 46760, '10.4.8.6', '2013-08-14 14:57'),
(1161, '10.4.8.6', NULL, 46761, '10.4.8.6', '2013-08-14 14:57'),
(1162, '10.4.8.6', NULL, 46762, '10.4.8.6', '2013-08-14 14:57'),
(1163, '10.4.8.6', NULL, 46763, '10.4.8.6', '2013-08-14 14:57'),
(1164, '10.4.8.6', NULL, 46764, '10.4.8.6', '2013-08-14 14:57'),
(1165, '10.4.8.6', NULL, 46765, '10.4.8.6', '2013-08-14 14:57'),
(1166, '10.4.8.6', NULL, 46766, '10.4.8.6', '2013-08-14 14:57'),
(1167, '10.4.8.6', NULL, 46767, '10.4.8.6', '2013-08-14 14:57'),
(1168, '10.4.8.6', NULL, 46768, '10.4.8.6', '2013-08-14 14:57'),
(1169, '10.4.8.6', NULL, 46769, '10.4.8.6', '2013-08-14 14:57'),
(1170, '10.4.8.6', NULL, 46770, '10.4.8.6', '2013-08-14 14:57'),
(1171, '10.4.8.6', NULL, 46771, '10.4.8.6', '2013-08-14 14:58'),
(1172, '10.4.8.6', NULL, 46772, '10.4.8.6', '2013-08-14 14:58'),
(1173, '10.4.8.6', NULL, 46773, '10.4.8.6', '2013-08-14 14:58'),
(1174, '10.4.8.6', NULL, 46774, '10.4.8.6', '2013-08-14 14:58'),
(1175, '10.4.8.6', NULL, 46775, '10.4.8.6', '2013-08-14 14:58'),
(1176, '10.4.8.6', NULL, 46776, '10.4.8.6', '2013-08-14 14:58'),
(1177, '10.4.8.6', NULL, 54254, '10.4.8.6', '2013-08-14 15:57'),
(1178, '10.4.8.6', NULL, 45892, '10.4.8.6', '2013-08-14 16:04'),
(1179, '10.4.8.6', NULL, 55472, '10.4.8.6', '2013-08-14 17:54'),
(1180, '10.4.8.6', NULL, 55725, '10.4.8.6', '2013-08-14 17:40'),
(1181, '10.4.8.6', NULL, 56346, '10.4.8.6', '2013-08-14 17:49'),
(1182, '10.4.8.6', NULL, 56488, '10.4.8.6', '2013-08-14 17:38'),
(1183, '10.4.8.6', NULL, 56742, '10.4.8.6', '2013-08-14 17:42'),
(1184, '10.4.8.6', NULL, 58072, '10.4.8.6', '2013-08-14 17:06'),
(1185, '10.4.8.6', NULL, 46456, '10.4.8.6', '2013-08-14 21:02'),
(1186, '10.4.8.6', NULL, 57809, '10.4.8.6', '2013-08-15 13:07'),
(1187, '10.4.8.6', NULL, 58139, '10.4.8.6', '2013-08-15 13:12'),
(1188, '10.4.8.6', NULL, 58160, '10.4.8.6', '2013-08-15 13:18'),
(1189, '10.4.8.6', NULL, 59984, '10.4.8.6', '2013-08-15 13:25'),
(1190, '10.4.8.6', NULL, 34920, '10.4.8.6', '2013-08-15 13:44'),
(1191, '10.4.8.6', NULL, 34955, '10.4.8.6', '2013-08-15 13:00'),
(1192, '10.4.8.6', NULL, 40620, '10.4.8.6', '2013-08-15 14:44'),
(1193, '10.4.8.6', NULL, 51722, '10.4.8.6', '2013-08-15 15:21'),
(1194, '10.4.8.6', NULL, 40940, '10.4.8.6', '2013-08-15 16:00'),
(1195, '10.4.8.6', NULL, 40947, '10.4.8.6', '2013-08-15 16:01'),
(1196, '10.4.8.6', NULL, 46965, '10.4.8.6', '2013-08-16 08:18'),
(1197, '10.4.8.6', NULL, 46973, '10.4.8.6', '2013-08-16 08:19'),
(1198, '10.4.8.6', NULL, 58878, '10.4.8.6', '2013-08-16 10:10'),
(1199, '10.4.8.6', NULL, 59323, '10.4.8.6', '2013-08-16 10:52'),
(1200, '10.4.8.6', NULL, 36575, '10.4.8.6', '2013-08-16 10:00'),
(1201, '10.4.8.6', NULL, 45292, '10.4.8.6', '2013-08-16 11:12'),
(1202, '10.4.8.6', NULL, 50970, '10.4.8.6', '2013-08-16 11:05'),
(1203, '10.4.8.6', NULL, 51902, '10.4.8.6', '2013-08-16 12:05'),
(1204, '10.4.8.6', NULL, 43259, '10.4.8.6', '2013-08-16 19:39'),
(1205, '10.4.8.6', NULL, 58771, '10.4.8.6', '2013-08-17 08:10'),
(1206, '10.4.8.6', NULL, 39144, '10.4.8.6', '2013-08-17 10:26'),
(1207, '10.4.8.6', NULL, 42174, '10.4.8.6', '2013-08-17 15:36'),
(1208, '10.4.8.6', NULL, 47567, '10.4.8.6', '2013-08-17 16:56'),
(1209, '10.4.8.6', NULL, 57467, '10.4.8.6', '2013-08-17 18:28'),
(1210, '10.4.8.6', NULL, 48418, '10.4.8.6', '2013-08-17 21:05'),
(1211, '10.4.8.6', NULL, 48472, '10.4.8.6', '2013-08-17 21:26'),
(1212, '10.4.8.6', NULL, 48519, '10.4.8.6', '2013-08-17 21:52'),
(1213, '10.4.8.6', NULL, 49065, '10.4.8.6', '2013-08-17 21:03'),
(1214, '10.4.8.6', NULL, 52303, '10.4.8.6', '2013-08-17 22:09'),
(1215, '10.4.8.6', NULL, 53007, '10.4.8.6', '2013-08-17 22:33'),
(1216, '10.4.8.6', NULL, 42466, '10.4.8.6', '2013-08-18 14:59'),
(1217, '10.4.8.6', NULL, 43210, '10.4.8.6', '2013-08-18 14:59'),
(1218, '10.4.8.6', NULL, 43229, '10.4.8.6', '2013-08-18 14:01'),
(1219, '10.4.8.6', NULL, 51934, '10.4.8.6', '2013-08-18 15:45'),
(1220, '10.4.8.6', NULL, 54163, '10.4.8.6', '2013-08-18 16:59'),
(1221, '10.4.8.6', NULL, 44887, '10.4.8.6', '2013-08-18 19:19'),
(1222, '10.4.8.6', NULL, 50177, '10.4.8.6', '2013-08-18 22:41'),
(1223, '10.4.8.6', NULL, 53230, '10.4.8.6', '2013-08-18 23:01'),
(1224, '10.4.8.6', NULL, 55786, '10.4.8.6', '2013-08-18 23:01'),
(1225, '10.4.8.6', NULL, 43042, '10.4.8.6', '2013-08-19 08:37'),
(1226, '10.4.8.6', NULL, 42111, '10.4.8.6', '2013-08-19 11:54'),
(1227, '10.4.8.6', NULL, 47802, '10.4.8.6', '2013-08-19 11:39'),
(1228, '10.4.8.6', NULL, 49993, '10.4.8.6', '2013-08-19 14:59'),
(1229, '10.4.8.6', NULL, 36945, '10.4.8.6', '2013-08-19 15:46'),
(1230, '10.4.8.6', NULL, 47674, '10.4.8.6', '2013-08-19 16:30'),
(1231, '10.4.8.6', NULL, 52497, '10.4.8.6', '2013-08-19 16:20'),
(1232, '10.4.8.6', NULL, 33502, '10.4.8.6', '2013-08-19 17:09'),
(1233, '10.4.8.6', NULL, 35026, '10.4.8.6', '2013-08-20 00:50'),
(1234, '10.4.8.6', NULL, 36343, '10.4.8.6', '2013-08-20 00:03'),
(1235, '10.4.8.6', NULL, 48507, '10.4.8.6', '2013-08-20 10:58'),
(1236, '10.4.8.6', NULL, 45969, '10.4.8.6', '2013-08-20 12:08'),
(1237, '10.4.8.6', NULL, 60162, '10.4.8.6', '2013-08-20 14:41'),
(1238, '10.4.8.6', NULL, 34125, '10.4.8.6', '2013-08-20 16:11'),
(1239, '10.4.8.6', NULL, 48295, '10.4.8.6', '2013-08-20 17:36'),
(1240, '10.4.8.6', NULL, 49671, '10.4.8.6', '2013-08-20 17:06'),
(1241, '10.4.8.6', NULL, 49679, '10.4.8.6', '2013-08-20 17:07'),
(1242, '10.4.8.6', NULL, 49722, '10.4.8.6', '2013-08-20 17:15'),
(1243, '10.4.8.6', NULL, 49747, '10.4.8.6', '2013-08-20 17:22'),
(1244, '10.4.8.6', NULL, 49829, '10.4.8.6', '2013-08-20 17:42'),
(1245, '10.4.8.6', NULL, 50035, '10.4.8.6', '2013-08-20 17:11'),
(1246, '10.4.8.6', NULL, 54104, '10.4.8.6', '2013-08-20 17:07'),
(1247, '10.4.8.6', NULL, 54217, '10.4.8.6', '2013-08-20 17:56'),
(1248, '10.4.8.6', NULL, 57059, '10.4.8.6', '2013-08-20 17:42'),
(1249, '10.4.8.6', NULL, 57070, '10.4.8.6', '2013-08-20 17:47'),
(1250, '10.4.8.6', NULL, 36656, '10.4.8.6', '2013-08-20 18:43'),
(1251, '10.4.8.6', NULL, 50440, '10.4.8.6', '2013-08-20 20:38'),
(1252, '10.4.8.6', NULL, 51191, '10.4.8.6', '2013-08-20 20:09'),
(1253, '10.4.8.6', NULL, 52414, '10.4.8.6', '2013-08-20 21:10'),
(1254, '10.4.8.6', NULL, 52444, '10.4.8.6', '2013-08-20 21:35'),
(1255, '10.4.8.6', NULL, 47334, '10.4.8.6', '2013-08-21 00:26'),
(1256, '10.4.8.6', NULL, 60545, '10.4.8.6', '2013-08-21 02:27'),
(1257, '10.4.8.6', NULL, 48790, '10.4.8.6', '2013-08-21 09:52'),
(1258, '10.4.8.6', NULL, 54132, '10.4.8.6', '2013-08-21 09:47'),
(1259, '10.4.8.6', NULL, 34828, '10.4.8.6', '2013-08-21 12:41'),
(1260, '10.4.8.6', NULL, 34832, '10.4.8.6', '2013-08-21 12:42'),
(1261, '10.4.8.6', NULL, 53048, '10.4.8.6', '2013-08-21 14:17'),
(1262, '10.4.8.6', NULL, 41541, '10.4.8.6', '2013-08-21 19:51'),
(1263, '10.4.8.6', NULL, 45520, '10.4.8.6', '2013-08-21 23:01'),
(1264, '10.4.8.6', NULL, 45547, '10.4.8.6', '2013-08-21 23:09'),
(1265, '10.4.8.6', NULL, 45555, '10.4.8.6', '2013-08-21 23:13'),
(1266, '10.4.8.6', NULL, 46320, '10.4.8.6', '2013-08-21 23:04'),
(1267, '10.4.8.6', NULL, 46659, '10.4.8.6', '2013-08-21 23:42'),
(1268, '10.4.8.6', NULL, 42108, '10.4.8.6', '2013-08-22 10:08'),
(1269, '10.4.8.6', NULL, 46961, '10.4.8.6', '2013-08-22 10:55'),
(1270, '10.4.8.6', NULL, 57426, '10.4.8.6', '2013-08-22 11:05'),
(1271, '10.4.8.6', NULL, 60695, '10.4.8.6', '2013-08-22 14:05'),
(1272, '10.4.8.6', NULL, 43734, '10.4.8.6', '2013-08-22 15:48'),
(1273, '10.4.8.6', NULL, 43733, '10.4.8.6', '2013-08-22 15:48'),
(1274, '10.4.8.6', NULL, 43793, '10.4.8.6', '2013-08-22 15:57'),
(1275, '10.4.8.6', NULL, 44362, '10.4.8.6', '2013-08-22 15:26'),
(1276, '10.4.8.6', NULL, 49369, '10.4.8.6', '2013-08-22 15:06'),
(1277, '10.4.8.6', NULL, 37877, '10.4.8.6', '2013-08-22 16:56'),
(1278, '10.4.8.6', NULL, 55865, '10.4.8.6', '2013-08-22 18:26'),
(1279, '10.4.8.6', NULL, 51478, '10.4.8.6', '2013-08-23 09:52'),
(1280, '10.4.8.6', NULL, 52820, '10.4.8.6', '2013-08-23 09:28'),
(1281, '10.4.8.6', NULL, 47488, '10.4.8.6', '2013-08-23 15:39'),
(1282, '10.4.8.6', NULL, 35267, '10.4.8.6', '2013-08-23 18:06'),
(1283, '10.4.8.6', NULL, 34301, '10.4.8.6', '2013-08-23 21:19'),
(1284, '10.4.8.6', NULL, 47002, '10.4.8.6', '2013-08-23 22:32'),
(1285, '10.4.8.6', NULL, 43407, '10.4.8.6', '2013-08-24 22:38'),
(1286, '10.4.8.6', NULL, 33877, '10.4.8.6', '2013-08-25 12:58'),
(1287, '10.4.8.6', NULL, 57168, '10.4.8.6', '2013-08-25 15:59'),
(1288, '10.4.8.6', NULL, 57614, '10.4.8.6', '2013-08-25 21:21'),
(1289, '10.4.8.6', NULL, 57622, '10.4.8.6', '2013-08-25 21:22'),
(1290, '10.4.8.6', NULL, 48329, '10.4.8.6', '2013-08-26 00:55'),
(1291, '10.4.8.6', NULL, 49373, '10.4.8.6', '2013-08-26 00:43'),
(1292, '10.4.8.6', NULL, 36753, '10.4.8.6', '2013-08-26 09:47'),
(1293, '10.4.8.6', NULL, 34968, '10.4.8.6', '2013-08-26 10:24'),
(1294, '10.4.8.6', NULL, 33406, '10.4.8.6', '2013-08-26 11:54'),
(1295, '10.4.8.6', NULL, 32926, '10.4.8.6', '2013-08-26 22:02'),
(1296, '10.4.8.6', NULL, 54291, '10.4.8.6', '2013-08-27 09:02'),
(1297, '10.4.8.6', NULL, 33512, '10.4.8.6', '2013-08-27 14:22'),
(1298, '10.4.8.6', NULL, 34447, '10.4.8.6', '2013-08-27 14:05'),
(1299, '10.4.8.6', NULL, 59803, '10.4.8.6', '2013-08-27 16:02'),
(1300, '10.4.8.6', NULL, 49903, '10.4.8.6', '2013-08-27 17:54'),
(1301, '10.4.8.6', NULL, 44129, '10.4.8.6', '2013-08-27 20:01'),
(1302, '10.4.8.6', NULL, 44130, '10.4.8.6', '2013-08-27 20:01'),
(1303, '10.4.8.6', NULL, 52688, '10.4.8.6', '2013-08-28 10:55'),
(1304, '10.4.8.6', NULL, 58625, '10.4.8.6', '2013-08-28 13:09'),
(1305, '10.4.8.6', NULL, 58626, '10.4.8.6', '2013-08-28 13:09'),
(1306, '10.4.8.6', NULL, 44612, '10.4.8.6', '2013-08-28 16:59'),
(1307, '10.4.8.6', NULL, 47641, '10.4.8.6', '2013-08-28 16:02'),
(1308, '10.4.8.6', NULL, 50951, '10.4.8.6', '2013-08-28 16:37'),
(1309, '10.4.8.6', NULL, 51263, '10.4.8.6', '2013-08-28 16:27'),
(1310, '10.4.8.6', NULL, 52718, '10.4.8.6', '2013-08-28 16:52'),
(1311, '10.4.8.6', NULL, 53531, '10.4.8.6', '2013-08-28 16:26'),
(1312, '10.4.8.6', NULL, 56223, '10.4.8.6', '2013-08-28 16:09'),
(1313, '10.4.8.6', NULL, 58362, '10.4.8.6', '2013-08-28 16:31'),
(1314, '10.4.8.6', NULL, 49343, '10.4.8.6', '2013-08-28 17:21'),
(1315, '10.4.8.6', NULL, 58738, '10.4.8.6', '2013-08-28 21:38'),
(1316, '10.4.8.6', NULL, 58892, '10.4.8.6', '2013-08-28 21:54'),
(1317, '10.4.8.6', NULL, 40986, '10.4.8.6', '2013-08-28 22:07'),
(1318, '10.4.8.6', NULL, 44254, '10.4.8.6', '2013-08-28 23:16'),
(1319, '10.4.8.6', NULL, 52944, '10.4.8.6', '2013-08-29 10:56'),
(1320, '10.4.8.6', NULL, 53883, '10.4.8.6', '2013-08-29 10:12'),
(1321, '10.4.8.6', NULL, 48834, '10.4.8.6', '2013-08-29 11:27'),
(1322, '10.4.8.6', NULL, 53592, '10.4.8.6', '2013-08-29 15:04'),
(1323, '10.4.8.6', NULL, 40505, '10.4.8.6', '2013-08-30 09:11'),
(1324, '10.4.8.6', NULL, 49046, '10.4.8.6', '2013-08-30 09:30'),
(1325, '10.4.8.6', NULL, 55248, '10.4.8.6', '2013-08-30 10:30'),
(1326, '10.4.8.6', NULL, 56753, '10.4.8.6', '2013-08-30 10:58'),
(1327, '10.4.8.6', NULL, 57403, '10.4.8.6', '2013-08-30 10:57'),
(1328, '10.4.8.6', NULL, 35636, '10.4.8.6', '2013-08-30 10:52'),
(1329, '10.4.8.6', NULL, 35996, '10.4.8.6', '2013-08-30 10:15'),
(1330, '10.4.8.6', NULL, 34531, '10.4.8.6', '2013-08-30 11:38'),
(1331, '10.4.8.6', NULL, 41534, '10.4.8.6', '2013-08-30 11:50'),
(1332, '10.4.8.6', NULL, 46251, '10.4.8.6', '2013-08-30 13:08'),
(1333, '10.4.8.6', NULL, 53683, '10.4.8.6', '2013-08-30 15:41'),
(1334, '10.4.8.6', NULL, 57809, '10.4.8.6', '2013-08-30 18:34'),
(1335, '10.4.8.6', NULL, 57022, '10.4.8.6', '2013-08-30 18:31'),
(1336, '10.4.8.6', NULL, 37290, '10.4.8.6', '2013-08-31 01:06'),
(1337, '10.4.8.6', NULL, 59194, '10.4.8.6', '2013-08-31 16:25'),
(1338, '10.4.8.6', NULL, 54669, '10.4.8.6', '2013-08-31 19:17'),
(1339, '10.4.8.6', NULL, 54740, '10.4.8.6', '2013-08-31 19:34'),
(1340, '10.4.8.6', NULL, 58650, '10.4.8.6', '2013-08-31 20:46'),
(1341, '10.4.8.6', NULL, 43916, '10.4.8.6', '2013-08-31 20:04'),
(1342, '10.4.8.6', NULL, 33507, '10.4.8.6', '2013-08-31 22:35'),
(1343, '10.4.8.6', NULL, 37947, '10.4.8.6', '2013-08-31 22:03'),
(1344, '10.4.8.6', NULL, 38112, '10.4.8.6', '2013-08-31 22:33'),
(1345, '10.4.8.6', NULL, 39320, '10.4.8.6', '2013-08-31 22:05'),
(1346, '10.4.8.6', NULL, 54296, '10.4.8.6', '2013-08-31 23:13'),
(1347, '10.4.8.6', NULL, 59704, '10.4.8.6', '2013-08-31 23:31'),
(1348, '10.4.8.6', NULL, 37061, '10.4.8.6', '2013-09-01 08:47'),
(1349, '10.4.8.6', NULL, 48153, '10.4.8.6', '2013-09-01 09:23'),
(1350, '10.4.8.6', NULL, 48155, '10.4.8.6', '2013-09-01 09:23'),
(1351, '10.4.8.6', NULL, 54574, '10.4.8.6', '2013-09-01 19:37'),
(1352, '10.4.8.6', NULL, 54682, '10.4.8.6', '2013-09-01 23:36'),
(1353, '10.4.8.6', NULL, 54685, '10.4.8.6', '2013-09-01 23:36'),
(1354, '10.4.8.6', NULL, 47456, '10.4.8.6', '2013-09-02 00:10'),
(1355, '10.4.8.6', NULL, 47742, '10.4.8.6', '2013-09-02 00:50'),
(1356, '10.4.8.6', NULL, 48648, '10.4.8.6', '2013-09-02 00:56'),
(1357, '10.4.8.6', NULL, 37012, '10.4.8.6', '2013-09-02 08:37'),
(1358, '10.4.8.6', NULL, 37081, '10.4.8.6', '2013-09-02 08:50'),
(1359, '10.4.8.6', NULL, 55650, '10.4.8.6', '2013-09-02 09:04'),
(1360, '10.4.8.6', NULL, 42324, '10.4.8.6', '2013-09-02 14:47'),
(1361, '10.4.8.6', NULL, 56435, '10.4.8.6', '2013-09-02 15:12'),
(1362, '10.4.8.6', NULL, 43556, '10.4.8.6', '2013-09-02 16:17'),
(1363, '10.4.8.6', NULL, 43563, '10.4.8.6', '2013-09-02 16:17'),
(1364, '10.4.8.6', NULL, 41127, '10.4.8.6', '2013-09-02 18:41'),
(1365, '10.4.8.6', NULL, 44493, '10.4.8.6', '2013-09-02 18:47'),
(1366, '10.4.8.6', NULL, 44924, '10.4.8.6', '2013-09-02 18:08'),
(1367, '10.4.8.6', NULL, 40122, '10.4.8.6', '2013-09-02 19:01'),
(1368, '10.4.8.6', NULL, 44235, '10.4.8.6', '2013-09-02 20:10'),
(1369, '10.4.8.6', NULL, 45838, '10.4.8.6', '2013-09-02 21:09'),
(1370, '10.4.8.6', NULL, 44970, '10.4.8.6', '2013-09-02 23:47'),
(1371, '10.4.8.6', NULL, 54585, '10.4.8.6', '2013-09-03 00:07'),
(1372, '10.4.8.6', NULL, 50343, '10.4.8.6', '2013-09-03 07:14'),
(1373, '10.4.8.6', NULL, 41251, '10.4.8.6', '2013-09-03 10:50'),
(1374, '10.4.8.6', NULL, 41314, '10.4.8.6', '2013-09-03 10:58'),
(1375, '10.4.8.6', NULL, 48801, '10.4.8.6', '2013-09-03 10:28'),
(1376, '10.4.8.6', NULL, 52009, '10.4.8.6', '2013-09-03 11:24'),
(1377, '10.4.8.6', NULL, 52015, '10.4.8.6', '2013-09-03 11:25'),
(1378, '10.4.8.6', NULL, 33417, '10.4.8.6', '2013-09-04 09:04'),
(1379, '10.4.8.6', NULL, 44873, '10.4.8.6', '2013-09-04 11:22'),
(1380, '10.4.8.6', NULL, 44953, '10.4.8.6', '2013-09-04 11:34'),
(1381, '10.4.8.6', NULL, 49379, '10.4.8.6', '2013-09-04 11:02'),
(1382, '10.4.8.6', NULL, 55254, '10.4.8.6', '2013-09-04 12:24'),
(1383, '10.4.8.6', NULL, 55279, '10.4.8.6', '2013-09-04 12:31'),
(1384, '10.4.8.6', NULL, 46099, '10.4.8.6', '2013-09-04 13:35'),
(1385, '10.4.8.6', NULL, 46339, '10.4.8.6', '2013-09-05 09:13'),
(1386, '10.4.8.6', NULL, 38760, '10.4.8.6', '2013-09-05 10:25'),
(1387, '10.4.8.6', NULL, 41042, '10.4.8.6', '2013-09-05 12:29'),
(1388, '10.4.8.6', NULL, 40918, '10.4.8.6', '2013-09-05 13:57'),
(1389, '10.4.8.6', NULL, 32856, '10.4.8.6', '2013-09-05 15:46'),
(1390, '10.4.8.6', NULL, 41271, '10.4.8.6', '2013-09-05 16:46'),
(1391, '10.4.8.6', NULL, 38534, '10.4.8.6', '2013-09-05 18:32'),
(1392, '10.4.8.6', NULL, 58751, '10.4.8.6', '2013-09-06 10:18'),
(1393, '10.4.8.6', NULL, 44319, '10.4.8.6', '2013-09-06 15:34'),
(1394, '10.4.8.6', NULL, 47194, '10.4.8.6', '2013-09-06 15:09'),
(1395, '10.4.8.6', NULL, 59125, '10.4.8.6', '2013-09-08 12:27'),
(1396, '10.4.8.6', NULL, 48901, '10.4.8.6', '2013-09-08 13:45'),
(1397, '10.4.8.6', NULL, 34664, '10.4.8.6', '2013-09-08 23:14'),
(1398, '10.4.8.6', NULL, 46884, '10.4.8.6', '2013-09-09 10:47'),
(1399, '10.4.8.6', NULL, 46925, '10.4.8.6', '2013-09-09 10:54'),
(1400, '10.4.8.6', NULL, 56560, '10.4.8.6', '2013-09-09 21:07'),
(1401, '10.4.8.6', NULL, 52768, '10.4.8.6', '2013-09-09 23:27'),
(1402, '10.4.8.6', NULL, 55937, '10.4.8.6', '2013-09-10 09:03'),
(1403, '10.4.8.6', NULL, 39648, '10.4.8.6', '2013-09-10 13:21'),
(1404, '10.4.8.6', NULL, 40746, '10.4.8.6', '2013-09-10 18:24'),
(1405, '10.4.8.6', NULL, 40533, '10.4.8.6', '2013-09-11 09:57'),
(1406, '10.4.8.6', NULL, 57616, '10.4.8.6', '2013-09-11 10:09'),
(1407, '10.4.8.6', NULL, 59004, '10.4.8.6', '2013-09-11 10:04'),
(1408, '10.4.8.6', NULL, 44892, '10.4.8.6', '2013-09-11 11:46'),
(1409, '10.4.8.6', NULL, 38953, '10.4.8.6', '2013-09-11 14:39'),
(1410, '10.4.8.6', NULL, 51749, '10.4.8.6', '2013-09-11 15:00'),
(1411, '10.4.8.6', NULL, 36903, '10.4.8.6', '2013-09-11 17:14'),
(1412, '10.4.8.6', NULL, 46654, '10.4.8.6', '2013-09-11 20:31'),
(1413, '10.4.8.6', NULL, 51889, '10.4.8.6', '2013-09-11 20:44'),
(1414, '10.4.8.6', NULL, 48657, '10.4.8.6', '2013-09-12 10:25'),
(1415, '10.4.8.6', NULL, 53807, '10.4.8.6', '2013-09-12 17:31'),
(1416, '10.4.8.6', NULL, 40516, '10.4.8.6', '2013-09-12 18:48'),
(1417, '10.4.8.6', NULL, 48083, '10.4.8.6', '2013-09-13 08:16'),
(1418, '10.4.8.6', NULL, 48786, '10.4.8.6', '2013-09-13 10:36'),
(1419, '10.4.8.6', NULL, 48823, '10.4.8.6', '2013-09-13 10:44'),
(1420, '10.4.8.6', NULL, 49073, '10.4.8.6', '2013-09-13 10:45'),
(1421, '10.4.8.6', NULL, 51411, '10.4.8.6', '2013-09-13 10:03'),
(1422, '10.4.8.6', NULL, 51670, '10.4.8.6', '2013-09-13 10:05'),
(1423, '10.4.8.6', NULL, 40448, '10.4.8.6', '2013-09-13 11:39'),
(1424, '10.4.8.6', NULL, 55769, '10.4.8.6', '2013-09-13 14:31'),
(1425, '10.4.8.6', NULL, 41188, '10.4.8.6', '2013-09-13 16:23'),
(1426, '10.4.8.6', NULL, 33318, '10.4.8.6', '2013-09-13 17:21'),
(1427, '10.4.8.6', NULL, 49640, '10.4.8.6', '2013-09-13 22:02'),
(1428, '10.4.8.6', NULL, 50796, '10.4.8.6', '2013-09-13 22:50'),
(1429, '10.4.8.6', NULL, 50820, '10.4.8.6', '2013-09-13 22:55'),
(1430, '10.4.8.6', NULL, 50835, '10.4.8.6', '2013-09-13 22:59'),
(1431, '10.4.8.6', NULL, 56433, '10.4.8.6', '2013-09-13 22:20'),
(1432, '10.4.8.6', NULL, 58354, '10.4.8.6', '2013-09-14 12:47'),
(1433, '10.4.8.6', NULL, 43479, '10.4.8.6', '2013-09-14 16:41'),
(1434, '10.4.8.6', NULL, 44177, '10.4.8.6', '2013-09-14 16:10'),
(1435, '10.4.8.6', NULL, 49296, '10.4.8.6', '2013-09-14 19:08'),
(1436, '10.4.8.6', NULL, 33306, '10.4.8.6', '2013-09-15 10:59'),
(1437, '10.4.8.6', NULL, 52977, '10.4.8.6', '2013-09-15 21:00'),
(1438, '10.4.8.6', NULL, 33844, '10.4.8.6', '2013-09-16 09:25'),
(1439, '10.4.8.6', NULL, 54993, '10.4.8.6', '2013-09-16 10:44'),
(1440, '10.4.8.6', NULL, 54699, '10.4.8.6', '2013-09-16 12:05'),
(1441, '10.4.8.6', NULL, 54467, '10.4.8.6', '2013-09-16 17:43'),
(1442, '10.4.8.6', NULL, 49490, '10.4.8.6', '2013-09-17 09:00'),
(1443, '10.4.8.6', NULL, 35690, '10.4.8.6', '2013-09-17 10:34'),
(1444, '10.4.8.6', NULL, 43632, '10.4.8.6', '2013-09-17 16:33'),
(1445, '10.4.8.6', NULL, 57474, '10.4.8.6', '2013-09-17 17:34'),
(1446, '10.4.8.6', NULL, 39557, '10.4.8.6', '2013-09-19 00:12'),
(1447, '10.4.8.6', NULL, 52381, '10.4.8.6', '2013-09-19 06:19'),
(1448, '10.4.8.6', NULL, 38431, '10.4.8.6', '2013-09-20 14:57'),
(1449, '10.4.8.6', NULL, 44459, '10.4.8.6', '2013-09-20 14:35'),
(1450, '10.4.8.6', NULL, 50295, '10.4.8.6', '2013-09-20 15:05'),
(1451, '10.4.8.6', NULL, 40112, '10.4.8.6', '2013-09-20 16:53'),
(1452, '10.4.8.6', NULL, 53839, '10.4.8.6', '2013-09-20 17:01'),
(1453, '10.4.8.6', NULL, 45624, '10.4.8.6', '2013-09-21 09:14'),
(1454, '10.4.8.6', NULL, 53760, '10.4.8.6', '2013-09-21 09:14'),
(1455, '10.4.8.6', NULL, 37024, '10.4.8.6', '2013-09-21 12:04'),
(1456, '10.4.8.6', NULL, 51391, '10.4.8.6', '2013-09-22 09:49'),
(1457, '10.4.8.6', NULL, 49133, '10.4.8.6', '2013-09-22 17:03'),
(1458, '10.4.8.6', NULL, 54185, '10.4.8.6', '2013-09-22 17:25'),
(1459, '10.4.8.6', NULL, 43078, '10.4.8.6', '2013-09-22 18:35'),
(1460, '10.4.8.6', NULL, 34822, '10.4.8.6', '2013-09-23 10:14'),
(1461, '10.4.8.6', NULL, 48646, '10.4.8.6', '2013-09-23 10:39'),
(1462, '10.4.8.6', NULL, 47384, '10.4.8.6', '2013-09-24 09:38'),
(1463, '10.4.8.6', NULL, 59552, '10.4.8.6', '2013-09-24 17:39'),
(1464, '10.4.8.6', NULL, 41296, '10.4.8.6', '2013-09-24 17:45'),
(1465, '10.4.8.6', NULL, 51776, '10.4.8.6', '2013-09-24 18:14'),
(1466, '10.4.8.6', NULL, 39400, '10.4.8.6', '2013-09-24 20:08'),
(1467, '10.4.8.6', NULL, 48745, '10.4.8.6', '2013-09-24 20:05'),
(1468, '10.4.8.6', NULL, 38791, '10.4.8.6', '2013-09-25 06:46'),
(1469, '10.4.8.6', NULL, 41847, '10.4.8.6', '2013-09-25 09:46'),
(1470, '10.4.8.6', NULL, 41867, '10.4.8.6', '2013-09-25 09:52'),
(1471, '10.4.8.6', NULL, 44441, '10.4.8.6', '2013-09-25 09:05'),
(1472, '10.4.8.6', NULL, 56121, '10.4.8.6', '2013-09-25 22:27'),
(1473, '10.4.8.6', NULL, 57958, '10.4.8.6', '2013-09-25 22:03'),
(1474, '10.4.8.6', NULL, 41408, '10.4.8.6', '2013-09-26 00:19'),
(1475, '10.4.8.6', NULL, 42857, '10.4.8.6', '2013-09-26 12:08'),
(1476, '10.4.8.6', NULL, 37770, '10.4.8.6', '2013-09-26 17:33'),
(1477, '10.4.8.6', NULL, 55273, '10.4.8.6', '2013-09-26 18:00'),
(1478, '10.4.8.6', NULL, 53772, '10.4.8.6', '2013-09-27 03:32'),
(1479, '10.4.8.6', NULL, 58762, '10.4.8.6', '2013-09-27 10:57'),
(1480, '10.4.8.6', NULL, 48170, '10.4.8.6', '2013-09-27 11:33'),
(1481, '10.4.8.6', NULL, 43316, '10.4.8.6', '2013-09-27 15:12'),
(1482, '10.4.8.6', NULL, 35338, '10.4.8.6', '2013-09-27 18:04'),
(1483, '10.4.8.6', NULL, 43108, '10.4.8.6', '2013-10-01 03:07'),
(1484, '10.4.8.6', NULL, 56211, '10.4.8.6', '2013-10-01 20:00'),
(1485, '10.4.8.6', NULL, 43485, '10.4.8.6', '2013-10-03 03:05'),
(1486, '10.4.8.6', NULL, 43292, '10.4.8.6', '2013-10-04 22:03'),
(1487, '10.4.8.6', NULL, 38174, '10.4.8.6', '2013-10-08 12:11'),
(1488, '10.4.8.6', NULL, 50943, '10.4.8.6', '2013-10-08 14:16'),
(1489, '10.4.8.6', NULL, 38815, '10.4.8.6', '2013-10-08 14:59'),
(1490, '10.4.8.6', NULL, 35138, '10.4.8.6', '2013-10-08 15:03'),
(1491, '10.4.8.6', NULL, 35806, '10.4.8.6', '2013-10-08 15:21'),
(1492, '10.4.8.6', NULL, 36915, '10.4.8.6', '2013-10-08 15:52'),
(1493, '10.4.8.6', NULL, 48342, '10.4.8.6', '2013-10-08 17:32'),
(1494, '10.4.8.6', NULL, 33014, '10.4.8.6', '2013-10-08 18:03'),
(1495, '10.4.8.6', NULL, 34122, '10.4.8.6', '2013-10-09 13:04'),
(1496, '10.4.8.6', NULL, 38903, '10.4.8.6', '2013-10-09 16:45'),
(1497, '10.4.8.6', NULL, 34537, '10.4.8.6', '2013-10-09 16:22'),
(1498, '10.4.8.6', NULL, 43018, '10.4.8.6', '2013-10-09 18:46'),
(1499, '10.4.8.6', NULL, 45846, '10.4.8.6', '2013-10-10 09:21'),
(1500, '10.4.8.6', NULL, 52797, '10.4.8.6', '2013-10-10 10:22'),
(1501, '10.4.8.6', NULL, 40022, '10.4.8.6', '2013-10-10 11:20'),
(1502, '10.4.8.6', NULL, 55355, '10.4.8.6', '2013-10-10 15:50'),
(1503, '10.4.8.6', NULL, 43820, '10.4.8.6', '2013-10-11 16:28'),
(1504, '10.4.8.6', NULL, 46981, '10.4.8.6', '2013-10-11 17:26'),
(1505, '10.4.8.6', NULL, 43260, '10.4.8.6', '2013-10-12 10:55'),
(1506, '10.4.8.6', NULL, 59425, '10.4.8.6', '2013-10-12 13:27'),
(1507, '10.4.8.6', NULL, 55412, '10.4.8.6', '2013-10-12 15:39'),
(1508, '10.4.8.6', NULL, 46553, '10.4.8.6', '2013-10-14 14:39'),
(1509, '10.4.8.6', NULL, 50357, '10.4.8.6', '2013-10-14 15:43'),
(1510, '10.4.8.6', NULL, 45894, '10.4.8.6', '2013-10-14 17:09'),
(1511, '10.4.8.6', NULL, 47488, '10.4.8.6', '2013-10-14 17:09'),
(1512, '10.4.8.6', NULL, 48128, '10.4.8.6', '2013-10-14 19:22'),
(1513, '10.4.8.6', NULL, 57918, '10.4.8.6', '2013-10-15 10:36'),
(1514, '10.4.8.6', NULL, 58210, '10.4.8.6', '2013-10-15 12:04'),
(1515, '10.4.8.6', NULL, 53287, '10.4.8.6', '2013-10-15 14:02'),
(1516, '10.4.8.6', NULL, 35527, '10.4.8.6', '2013-10-15 14:06'),
(1517, '10.4.8.6', NULL, 37375, '10.4.8.6', '2013-10-15 14:52'),
(1518, '10.4.8.6', NULL, 41326, '10.4.8.6', '2013-10-15 23:48'),
(1519, '10.4.8.6', NULL, 43833, '10.4.8.6', '2013-10-16 12:10'),
(1520, '10.4.8.6', NULL, 47014, '10.4.8.6', '2013-10-16 17:57'),
(1521, '10.4.8.6', NULL, 47140, '10.4.8.6', '2013-10-16 17:31'),
(1522, '10.4.8.6', NULL, 48913, '10.4.8.6', '2013-10-16 17:51'),
(1523, '10.4.8.6', NULL, 48940, '10.4.8.6', '2013-10-16 17:01'),
(1524, '10.4.8.6', NULL, 38771, '10.4.8.6', '2013-10-17 01:24'),
(1525, '10.4.8.6', NULL, 48247, '10.4.8.6', '2013-10-17 03:21'),
(1526, '10.4.8.6', NULL, 52185, '10.4.8.6', '2013-10-17 10:17'),
(1527, '10.4.8.6', NULL, 55261, '10.4.8.6', '2013-10-17 10:01'),
(1528, '10.4.8.6', NULL, 60587, '10.4.8.6', '2013-10-18 11:23'),
(1529, '10.4.8.6', NULL, 42688, '10.4.8.6', '2013-10-18 12:54'),
(1530, '10.4.8.6', NULL, 45798, '10.4.8.6', '2013-10-18 12:45'),
(1531, '10.4.8.6', NULL, 44618, '10.4.8.6', '2013-10-18 16:08'),
(1532, '10.4.8.6', NULL, 41909, '10.4.8.6', '2013-10-19 22:25'),
(1533, '10.4.8.6', NULL, 42086, '10.4.8.6', '2013-10-19 22:54'),
(1534, '10.4.8.6', NULL, 43565, '10.4.8.6', '2013-10-21 10:57'),
(1535, '10.4.8.6', NULL, 50081, '10.4.8.6', '2013-10-21 10:26'),
(1536, '10.4.8.6', NULL, 52419, '10.4.8.6', '2013-10-21 10:13'),
(1537, '10.4.8.6', NULL, 45416, '10.4.8.6', '2013-10-21 22:11'),
(1538, '10.4.8.6', NULL, 50197, '10.4.8.6', '2013-10-21 22:37'),
(1539, '10.4.8.6', NULL, 58517, '10.4.8.6', '2013-10-22 10:36'),
(1540, '10.4.8.6', NULL, 36881, '10.4.8.6', '2013-10-22 10:23'),
(1541, '10.4.8.6', NULL, 36971, '10.4.8.6', '2013-10-22 10:49'),
(1542, '10.4.8.6', NULL, 37367, '10.4.8.6', '2013-10-22 10:14'),
(1543, '10.4.8.6', NULL, 57974, '10.4.8.6', '2013-10-22 17:29'),
(1544, '10.4.8.6', NULL, 33987, '10.4.8.6', '2013-10-22 18:00'),
(1545, '10.4.8.6', NULL, 35011, '10.4.8.6', '2013-10-22 18:42'),
(1546, '10.4.8.6', NULL, 44732, '10.4.8.6', '2013-10-23 10:47');
INSERT INTO `visitor` (`id`, `ip`, `user`, `port`, `host`, `time`) VALUES
(1547, '10.4.8.6', NULL, 38144, '10.4.8.6', '2013-10-23 14:00'),
(1548, '10.4.8.6', NULL, 43181, '10.4.8.6', '2013-10-23 14:56'),
(1549, '10.4.8.6', NULL, 43177, '10.4.8.6', '2013-10-23 17:39'),
(1550, '10.4.8.6', NULL, 35315, '10.4.8.6', '2013-10-24 10:47'),
(1551, '10.4.8.6', NULL, 51324, '10.4.8.6', '2013-10-25 11:26'),
(1552, '10.4.8.6', NULL, 51365, '10.4.8.6', '2013-10-25 11:43'),
(1553, '10.4.8.6', NULL, 42769, '10.4.8.6', '2013-10-25 13:29'),
(1554, '10.4.8.6', NULL, 42786, '10.4.8.6', '2013-10-25 13:40'),
(1555, '10.4.8.6', NULL, 43011, '10.4.8.6', '2013-10-25 13:30'),
(1556, '10.4.8.6', NULL, 49170, '10.4.8.6', '2013-10-25 14:11'),
(1557, '10.4.8.6', NULL, 51503, '10.4.8.6', '2013-10-25 14:40'),
(1558, '10.4.8.6', NULL, 51509, '10.4.8.6', '2013-10-25 14:44'),
(1559, '10.4.8.6', NULL, 51521, '10.4.8.6', '2013-10-25 14:50'),
(1560, '10.4.8.6', NULL, 51657, '10.4.8.6', '2013-10-25 14:48'),
(1561, '10.4.8.6', NULL, 58716, '10.4.8.6', '2013-10-25 15:06'),
(1562, '10.4.8.6', NULL, 35714, '10.4.8.6', '2013-10-25 15:12'),
(1563, '10.4.8.6', NULL, 38401, '10.4.8.6', '2013-10-25 15:20'),
(1564, '10.4.8.6', NULL, 40995, '10.4.8.6', '2013-10-25 16:11'),
(1565, '10.4.8.6', NULL, 41243, '10.4.8.6', '2013-10-25 16:37'),
(1566, '10.4.8.6', NULL, 57796, '10.4.8.6', '2013-10-25 17:12'),
(1567, '10.4.8.6', NULL, 54143, '10.4.8.6', '2013-10-27 15:08'),
(1568, '10.4.8.6', NULL, 37295, '10.4.8.6', '2013-10-27 19:26'),
(1569, '10.4.8.6', NULL, 37349, '10.4.8.6', '2013-10-27 19:39'),
(1570, '10.4.8.6', NULL, 37397, '10.4.8.6', '2013-10-27 19:47'),
(1571, '10.4.8.6', NULL, 38286, '10.4.8.6', '2013-10-27 19:08'),
(1572, '10.4.8.6', NULL, 54793, '10.4.8.6', '2013-10-28 20:11'),
(1573, '10.4.8.6', NULL, 35961, '10.4.8.6', '2013-10-28 21:17'),
(1574, '10.4.8.6', NULL, 36954, '10.4.8.6', '2013-10-28 21:03'),
(1575, '10.4.8.6', NULL, 33907, '10.4.8.6', '2013-10-29 08:57'),
(1576, '10.4.8.6', NULL, 43658, '10.4.8.6', '2013-10-30 13:46'),
(1577, '10.4.8.6', NULL, 53305, '10.4.8.6', '2013-10-30 16:12'),
(1578, '10.4.8.6', NULL, 34311, '10.4.8.6', '2013-10-30 16:06'),
(1579, '10.4.8.6', NULL, 35369, '10.4.8.6', '2013-10-31 09:51'),
(1580, '10.4.8.6', NULL, 56089, '10.4.8.6', '2013-10-31 15:19'),
(1581, '10.4.8.6', NULL, 36008, '10.4.8.6', '2013-10-31 16:38'),
(1582, '10.4.8.6', NULL, 40110, '10.4.8.6', '2013-10-31 18:29'),
(1583, '10.4.8.6', NULL, 51073, '10.4.8.6', '2013-10-31 22:34'),
(1584, '10.4.8.6', NULL, 56277, '10.4.8.6', '2013-11-01 12:13'),
(1585, '10.4.8.6', NULL, 44117, '10.4.8.6', '2013-11-01 22:20'),
(1586, '10.4.8.6', NULL, 55669, '10.4.8.6', '2013-11-02 10:38'),
(1587, '10.4.8.6', NULL, 45967, '10.4.8.6', '2013-11-02 12:01'),
(1588, '10.4.8.6', NULL, 49751, '10.4.8.6', '2013-11-02 12:17'),
(1589, '10.4.8.6', NULL, 54733, '10.4.8.6', '2013-11-03 14:18'),
(1590, '10.4.8.6', NULL, 43241, '10.4.8.6', '2013-11-03 17:44'),
(1591, '10.4.8.6', NULL, 37208, '10.4.8.6', '2013-11-03 19:16'),
(1592, '10.4.8.6', NULL, 40120, '10.4.8.6', '2013-11-03 20:54'),
(1593, '10.4.8.6', NULL, 42917, '10.4.8.6', '2013-11-03 20:41'),
(1594, '10.4.8.6', NULL, 42919, '10.4.8.6', '2013-11-03 20:41'),
(1595, '10.4.8.6', NULL, 50680, '10.4.8.6', '2013-11-04 09:54'),
(1596, '10.4.8.6', NULL, 58417, '10.4.8.6', '2013-11-04 10:16'),
(1597, '10.4.8.6', NULL, 49500, '10.4.8.6', '2013-11-04 11:06');

/*!40101 SET CHARACTER_SET_CLIENT=@OLD_CHARACTER_SET_CLIENT */;
/*!40101 SET CHARACTER_SET_RESULTS=@OLD_CHARACTER_SET_RESULTS */;
/*!40101 SET COLLATION_CONNECTION=@OLD_COLLATION_CONNECTION */;
